Timestamp,x,y,z,qx,qy,qz,qw
9.967416349,-0.11975843293066661,-0.26374641708287977,0.07537651817683845,-0.6343301382749367,0.18139500947985565,0.17269643265082382,0.7313665759122319
10.099830858,-0.09110883690956867,-0.26639470082932454,0.06553579181076927,-0.6295089258807339,0.17906848478661985,0.19803780300412424,0.729680764837616
10.21296768,-0.07436236218916724,-0.2638093573438766,0.06050340340387528,-0.6258747911480446,0.1872029319093731,0.21110249465293185,0.7270980297327418
10.318351143,-0.06413578430739361,-0.2603543565387477,0.05523664099397955,-0.6164779634757334,0.19860233610483446,0.21302133017767877,0.7315284994665943
10.441858142,-0.047910272373499464,-0.26418067159255965,0.05077127239207716,-0.6003184184718885,0.2114703544183203,0.21962795460699241,0.7393657059945026
13.424869628,2.3446585017170736,-0.3575253624023822,-0.043109676183276796,-0.5309803755288848,0.3613874590393441,0.40159998969716065,0.6528218696762014
13.538811127,2.3652208477877243,-0.3596911674138721,-0.04359302492094145,-0.5271157072430933,0.36874908077259083,0.4080943363913186,0.6477902123467999
13.600316195,2.3965249857116966,-0.361181605648351,-0.055186878324768054,-0.5100085770929581,0.3751108700556859,0.42270668029120195,0.6484613703952409
13.707764114,2.4251057228983566,-0.36539322361984894,-0.07423661642034357,-0.49001971065987326,0.37076943716492194,0.4455453680671049,0.6510760574795919
13.806646018,2.427136391155294,-0.36354672517758424,-0.07432818649246287,-0.485868721362676,0.3797596089855497,0.44243007958204533,0.6511296719283848
13.878732223,2.4657876199278954,-0.36760387578651743,-0.0756980527410158,-0.49126220415233635,0.378634833244884,0.4710228336269692,0.6272436528391715
13.980438737,2.4761765719043254,-0.36903553400016054,-0.07247098692159137,-0.4803003987868699,0.4056384324490333,0.4701271237600134,0.6194751621740793
14.086041051,2.487592408408277,-0.36732884666754806,-0.0685391382766148,-0.48158408797261837,0.4167607904928552,0.47057860246825,0.6106905833713014
14.198664512,2.493145833136376,-0.3649199635252838,-0.07084564580121663,-0.4779628341633537,0.42237049539172467,0.4691168951511359,0.6108060514310919
14.315827042,2.4957673066017407,-0.36302296240907084,-0.07382039533791102,-0.4688786019866317,0.43542641532483195,0.466321034175548,0.6108202571312412
14.437925766,2.489784747076269,-0.36070599778164314,-0.04775350080706182,-0.4703018192999204,0.4818010420669707,0.4349117665081044,0.5979428985941432
14.545447943,2.4997981456417757,-0.3653780453815252,-0.04952843573291848,-0.45467007142454585,0.49481198920487146,0.4399694333767552,0.5957038854867857
14.659211612,2.5087230588464675,-0.3675576021335385,-0.049336072611377554,-0.45074281280866374,0.5028317667749854,0.44088971261821447,0.5912760711636382
14.776590232,2.5855903460388494,-0.35616986007999973,-0.01647566862252335,-0.5092888184890871,0.5032026573333825,0.47749358917949297,0.5093249034821468
18.082200946,2.601625324132832,-0.3354050191162238,-0.09575490888379505,-0.47116051090726063,0.5072861097788309,0.5529516779576874,0.46358711978531814
18.206308608,2.593145421553455,-0.33550589175324963,-0.09424036496251845,-0.4805634768014578,0.5011604922262279,0.5476697736085109,0.46685621434405516
18.267404813,2.5859220731217367,-0.33363036728761797,-0.09426745536520655,-0.4885004796389518,0.4948155257028589,0.5456830197508092,0.4677124318120651
18.376829097,2.578796228169909,-0.3313604716228409,-0.09103597965954677,-0.49998635959886933,0.4901402668099224,0.5405526529102324,0.4664536295263208
18.433875596,2.5765302721440166,-0.3296290858087191,-0.09535278584124635,-0.49988931916045265,0.4821806739570723,0.5455151216942205,0.4690689909326164
18.519543233,2.5637052154033757,-0.3228601138603666,-0.09259002932705582,-0.5156819871950976,0.46798042076272894,0.5402750145063208,0.4724080043410033
18.608233349,2.560669724888803,-0.3202724734447948,-0.09317738419894611,-0.5231073336682628,0.45726031048099003,0.5428922416707387,0.47174117888417333
18.684373798,2.5490531013566673,-0.32119941009014785,-0.09109478965547572,-0.5300619048569905,0.4495292713621809,0.5396974805784767,0.47506256500087435
18.75676852,2.4529518493315816,-0.3206187532348769,-0.08462639468847237,-0.46498788505816996,0.5230844115130295,0.4558545778113616,0.5498777764827587
18.849068698,2.451356447349782,-0.3214702451064143,-0.08321133799728882,-0.4781015435729365,0.5075466521033036,0.46156469355178126,0.5484280660563917
18.935699064,2.4530378247311266,-0.3227569294783107,-0.08267239339954292,-0.4888696244224228,0.49344955933597445,0.4695399014744745,0.5450195442656649
19.033612834,2.4474200938291943,-0.3223151817685773,-0.09026981967001384,-0.497265194095455,0.4685172384936416,0.478199770063333,0.5518549663515562
19.122428689,2.4365047922040937,-0.3202058764417707,-0.08585484643596032,-0.5065423263231332,0.4657088749783367,0.46944695035604134,0.5533079397686002
19.214030377,2.4291033909157194,-0.31932415412917137,-0.08520716663283191,-0.5103431310631886,0.4607589257792666,0.4664188507048775,0.5565110570316624
19.291309737,2.4301254777068633,-0.3204826735214591,-0.08317335182821328,-0.5171624281855506,0.45536210775139885,0.4690769098553812,0.5524085683060638
19.392629518,2.4187920274665036,-0.3212010462861824,-0.0807609824336873,-0.521687794390401,0.44822920365235575,0.4648393285622609,0.5575453567191108
19.489745521,2.413355274415846,-0.3211903093083487,-0.08098509091677483,-0.5213748371824045,0.44598642341001615,0.4628567157918548,0.5612735963265522
21.86415358,0.0884198511366547,-0.26053616725742984,-0.0004064598167355828,-0.6533008884343648,0.24972743754068938,0.2436794941980255,0.671903609320284
21.956775311,0.077609833772054,-0.24804489305307573,0.0015661646236354914,-0.6593258453827391,0.24394169694244072,0.24165006599117603,0.6688700349915814
22.054254403,0.0709145830524503,-0.24216362889627577,0.0056427404964772025,-0.6668140995619193,0.24098161483241531,0.23959595145019608,0.6632349493104713
22.162937903,0.06363442508604687,-0.2379647281198134,0.008451413250418762,-0.6735622864282261,0.23732155471644467,0.2371645267434865,0.6585934354539892
22.25072405,0.061765269435699564,-0.23355452174924823,0.012880508007529535,-0.6863040824087642,0.22629280588958312,0.24234717747799642,0.647337715601472
22.320797229,0.056046231514879565,-0.2318828657437481,0.014241544805659725,-0.6941309081658198,0.21689155576620234,0.24368235352926704,0.64168469355646
22.413561644,0.05313989085390602,-0.22907820334610676,0.012401320126856847,-0.6987286077128362,0.20054270847528066,0.251599110502015,0.6389513615571022
22.490413511,0.05191069560278005,-0.22827600728115657,0.011588026509462772,-0.7002381804593887,0.19212946742364956,0.2562563814780687,0.6380324641632241
22.581384653,0.040472792436940824,-0.22732190630781315,0.010285991838260256,-0.7005593197014836,0.18023061234826754,0.259538045532259,0.6398230762275288
22.68834212,0.03618167011889843,-0.22734055271561288,0.008187100998088696,-0.6970952710581126,0.17660057407903906,0.2610068781267973,0.6440076318444322
22.790984496,-0.04487674937940624,-0.22301930853509058,-0.0124145168304461,-0.634789504236409,0.23837690988188542,0.1829221307573228,0.7118695303394145
22.911271453,-0.04960889341219339,-0.22249356682452806,-0.01153009315447887,-0.6418102258592198,0.20076859652452816,0.19746447192210453,0.7132877308356234
23.020313226,-0.06674166095943684,-0.22151042584269628,-0.01078745866008017,-0.6504748499365579,0.1761245107249544,0.19457763174094167,0.7127427106242439
23.122473867,-0.07080743575498175,-0.22116613843710986,-0.008831146455149708,-0.6544984277964511,0.17501276268763555,0.19193668630504784,0.7100441178959604
23.223968389,-0.09608827567351824,-0.21705691634095411,-0.00650234688119248,-0.6554879704291755,0.177528012099196,0.17499087229003576,0.7128797375139235
23.321535943,-0.11274589837798324,-0.2166264385858643,-0.0029524974174606317,-0.6577126773734945,0.17486320850363557,0.16631029384253793,0.7135669404449817
23.427354314,-0.12239384129670854,-0.21786122592197404,-0.0007026888994773866,-0.6589132775767924,0.17018942553886263,0.16367090227763892,0.714199333390465
23.527411762,-0.13253630417135664,-0.21919458107899012,-0.000232845400162158,-0.658862414299684,0.16471400052053742,0.16093886675714056,0.7161482376035282
26.631381789,-0.38102594168139253,-0.5055189034045718,0.070706609938455,-0.683013134614676,0.057187249791609274,-0.030441840226512005,0.72752729898522
26.720571679,-0.362082236256162,-0.5372746645913882,0.06965923032866043,-0.6802936385361639,0.0502879233601925,-0.022308596042114704,0.7308720932379186
26.787681473,-0.3494007063310609,-0.5474702710081781,0.06871306128586699,-0.6782408369722369,0.044527877201026134,-0.013058444200492294,0.7333731057587488
26.885437546,-0.369141049207426,-0.5511521623705278,0.056552656052232836,-0.66474527362608,0.05815524605276834,-0.020870651911069564,0.7445106476318096
26.972020878,-0.371638998271588,-0.5476071697984242,0.053607767379805375,-0.6647965036184644,0.05725194801819555,-0.01746187226808293,0.7446226603063326
27.053072172,-0.38352291016968915,-0.5425714099647267,0.04407208052005627,-0.6582876442083372,0.06113249446850866,-0.021236975332839414,0.7499794573729386
27.13867061,-0.355249997177179,-0.556184075029575,0.06022127597906637,-0.6711203601618152,0.04296901386300844,0.0027434100375338588,0.7400970204812891
27.218679677,-0.3556468448982365,-0.5612286477855883,0.06867270711259636,-0.6802037488753575,0.040119631951485824,0.006207235290427212,0.7318980430210457
27.290516076,-0.33926157956283143,-0.576502496081508,0.0693546815505311,-0.6815876768980903,0.03148221508943072,0.018395720646002513,0.7308274121129019
27.386711687000002,-0.35390290259612184,-0.5517798593391022,0.06247749297237081,-0.6811185062475026,0.04513979224930309,0.0015383940207672011,0.7307787715490216
27.466710181,-0.3593012179113693,-0.55613053940273,0.0714407819635219,-0.6822181169736988,0.05232922417879504,-0.005911224398231359,0.7292497175836402
27.558326391,-0.33093751404421223,-0.5633548915818136,0.06025805183424861,-0.6742591468841291,0.043855251330694234,0.006932128715176747,0.7371589145939187
27.636297838,-0.3397867152065911,-0.5540065829121783,0.0670925802214018,-0.6823083887851592,0.05960069439238591,-0.009351462739747508,0.7285709093602164
27.719937228,-0.31923515019146476,-0.5410860031378616,0.047341451460272466,-0.6718561407227575,0.06619026563165276,-0.014487725726409313,0.7375759491144014
27.791053766,-0.27912755909355086,-0.5574492804218808,0.05370134026541607,-0.6779261963281129,0.05302008002486891,0.008926294103767846,0.7331611451241988
27.873706798,-0.2643463838550204,-0.5623675832916022,0.050714886362804926,-0.6766487713586465,0.052125787171443116,0.012136047912263396,0.7343582632963715
27.970019261,-0.21037911703890366,-0.5869089745647575,0.040305039339911634,-0.6757740727075129,0.03284368483482325,0.04475279844952181,0.7350155658581037
28.043023033,-0.2091466944935297,-0.5759913379615083,0.03269829921852374,-0.6723432243531431,0.04140230483846319,0.03975302293811593,0.7380109314825652
28.132805619,-0.18000587437818472,-0.5831219104981074,0.030100857048327472,-0.6727101481356538,0.03767189975464291,0.056102841077518575,0.7368136506520584
28.241473251,-0.17278216007964287,-0.5783290726521321,0.026059947701834615,-0.6732493226780369,0.04617777169008652,0.053693124811560695,0.736016311818748
28.330328498,-0.13607880930772528,-0.5830163120203941,0.016634023999970878,-0.6692197239572116,0.04310769444604112,0.06904362145449514,0.7385930314338394
28.401083151999998,-0.11821363417625291,-0.5890455132891311,0.01450881307263526,-0.6702507484279434,0.04043100473412975,0.0770785729898535,0.7370129996640616
28.488251624,-0.12623388047907133,-0.5885519545771445,0.017964958713686592,-0.6711631382378743,0.060213136404093315,0.06214366779481181,0.7362422051390958
28.565093179,-0.17199353476355858,-0.5758496526914197,0.022920543457456772,-0.6704656338744343,0.0905350120293571,0.03008956773097513,0.7357811245907033
28.650921355,-0.16559819883391994,-0.5769669220097287,0.025967478990747417,-0.6684785305820065,0.09824491956120551,0.026924341746511576,0.7367221116220491
28.75428441,-0.17947502766723122,-0.572752180763111,0.026706884622365375,-0.6663839514482689,0.11123330860597225,0.013968183006155729,0.7371326001285429
28.826752819,-0.170202227158466,-0.5748154912386472,0.02929640586334249,-0.6653232712795885,0.11671968509502184,0.015146378393734044,0.7372191309418794
28.922105147,-0.13857399533723705,-0.5829066446882246,0.024863104940381905,-0.662762531181851,0.11068975356572242,0.030937241667760733,0.739957088482147
29.00181783,-0.11522731466221649,-0.5877495140203939,0.02605184101249349,-0.6643983247318864,0.10351014694910876,0.04439162588600512,0.7388436229157249
29.10111205,-0.10027977025775756,-0.5859202223863775,0.02877845095858691,-0.6636164610367753,0.11331721473934986,0.04770923927783384,0.7378998780134558
29.196319453,-0.05383386775622798,-0.590580373258552,0.032016088334182534,-0.6632921608572663,0.11108059108021795,0.07434709087666805,0.7363267764442254
29.307857196,0.05402944199763957,-0.5952223078796267,-0.010016976738668882,-0.6388912801324994,0.06057501967642909,0.14327719871441003,0.7534057628465609
29.411742596,0.0692817185086113,-0.595767263428931,-0.018153396019724762,-0.6279973662727623,0.06788641373373427,0.14943168472408405,0.7607107954967959
29.509801665,0.09521077683204295,-0.5916392442767348,-0.030353818307849112,-0.6169414594819874,0.06362663051377948,0.16263546470166876,0.7673881632413749
29.596115521,0.124172173221959,-0.5880011514604054,-0.03667332758745842,-0.6103271139110116,0.05927140971956635,0.17893276572060354,0.7693963733775238
29.700414656,0.10249114122567508,-0.5934538864065367,-0.023858845568190155,-0.6154495169436797,0.07786899305016703,0.16340299879708445,0.7671100129702807
29.807239943,0.10694644015738357,-0.593638222581469,-0.022434923888858805,-0.6129848672376221,0.08791948607110944,0.1635717474099814,0.767960936477834
29.90067,0.11737717484330792,-0.5913267817662292,-0.02074916258320721,-0.6139263833041135,0.08607263066055437,0.16949268090404104,0.7661319267947678
30.002584279,0.11364812052491796,-0.5922815492937629,-0.01882956913832713,-0.6139330985737865,0.09252540414286048,0.16592647877683345,0.7661550781039767
30.110781344,0.11835407179515084,-0.5896820442709164,-0.016812076052221476,-0.6137286783228897,0.10468320465994241,0.16557824696553816,0.764828333809609
30.203907905,0.1418008358518033,-0.5825631890481398,-0.017309401301288985,-0.6064589498044395,0.12674867801595113,0.17974148752791555,0.7640911676524977
30.295190343,0.13773359485904677,-0.5850990937085712,-0.002571109660753878,-0.6138193819461574,0.1379654354964458,0.17316119700147353,0.7577641485373473
30.397508319,0.13870600052275867,-0.5853282969441271,0.003613102956945583,-0.6167365344315144,0.14598947731975964,0.16873681768736626,0.7548847633685881
30.481596759,0.14632857594377366,-0.5842988619125931,0.003651759485242168,-0.6176477018819776,0.1474178645461125,0.17277114979141056,0.7529471557634901
30.57925428,0.15264845498933002,-0.5838313777599237,0.0003501801968229001,-0.6159754060077863,0.1477320753068403,0.17656779282797683,0.7533746396414828
30.687729175,0.16917665205872534,-0.5816959991609227,-0.00505350523413775,-0.6124537688543251,0.1473387376821601,0.18670410902185397,0.7538788052921478
30.971138103,2.1585226774370434,-0.6244788149281456,-0.014478380551718684,-0.6414193638182568,0.17642736084413257,0.19832689150945154,0.7198062448803535
31.065475389,2.177388661401457,-0.6233255627848727,-0.013785388257521708,-0.6415244521125035,0.18213932535452637,0.2063455693527334,0.716025941925044
31.178528798,2.1857901631859336,-0.621566129374869,-0.01400153559885553,-0.640410212770601,0.18720799682542733,0.20958239966426637,0.7147748897762795
31.287780757,2.2051713747332515,-0.6224496190049787,-0.01537315180335834,-0.6361196955429284,0.195552782302847,0.2213470438364065,0.7128227889601114
31.391348032,2.2105749953202767,-0.6219219546743436,-0.013069045115988012,-0.6367040331963872,0.19810889811931565,0.22345881901013345,0.7109338891936441
31.490903435,2.231188753809733,-0.6215712134304642,-0.01324895956301192,-0.6334786386989358,0.20630762732204988,0.23085979330565679,0.709116163301725
31.568720126,2.248393046816295,-0.6217584044044902,-0.012566962091266287,-0.6317135787971788,0.21260711472103522,0.23390805800431988,0.707829915681659
31.669226275,2.2728165279631614,-0.6314682259452294,-0.029163247600477428,-0.6232128868193137,0.20690693709242702,0.24557068545841823,0.7130850268578426
31.770492525999998,2.304237161252351,-0.6345653139376413,-0.03301448784121991,-0.6189703370081142,0.21387497959974133,0.2597272287162058,0.7097006282008432
31.864637778,2.333324962282865,-0.6375085472531778,-0.04709772062647643,-0.6106875706927032,0.21536144746478647,0.2720244288621855,0.7118165831515295
31.964917783,2.352976589401544,-0.6372366386828895,-0.06216885434919703,-0.6026191685685008,0.21706287260658874,0.2798101997985189,0.7151504031309063
32.0667801,2.3653577843466103,-0.6377709586719518,-0.06650568770483024,-0.6007451292892129,0.21902463454051724,0.2845577172888909,0.7142551397302055
32.160106344,2.36852983716605,-0.6376136961607409,-0.0702164652268419,-0.598012210270078,0.22108464857664623,0.28580544206204284,0.7154147215562154
32.273637192,2.3794203336071322,-0.639380639279409,-0.07656267868572846,-0.5956686577193392,0.21864397253448942,0.291720366451998,0.7157324159784089
32.366230113,2.391214913867482,-0.6370508585119828,-0.07778879671417668,-0.5952324171946771,0.22741171737695087,0.29386859202309257,0.7124770388880002
32.466991851,2.4077230822837343,-0.6363559541227077,-0.08434593300059433,-0.59144071413197,0.2332550824644426,0.3023479154551398,0.7101941186686236
32.572341011,2.4178587017942776,-0.6348823411081617,-0.08563674880089801,-0.5903274505069827,0.24277878111219997,0.30709398895337364,0.705879059448788
32.713692787,2.439791419330413,-0.6315270674808834,-0.05743517035674728,-0.5966562642171517,0.27860088917315284,0.3071980598919192,0.6870314395433459
32.804094478,2.442770721905667,-0.629813406797195,-0.058429802978078295,-0.590424312963706,0.29058477207754896,0.30615480529325584,0.6879163147460766
32.918233614,2.4657514405156165,-0.6256741256026846,-0.03242093545772413,-0.6005372763695757,0.3083063456605023,0.31259962656283374,0.6682691451719552
33.00779228,2.4598158528250846,-0.622411422935762,-0.026639661868304285,-0.599615808243127,0.319763730626734,0.3066364466450306,0.6664729016768233
33.098011825,2.467901778544999,-0.6171978769119095,-0.02362123928248954,-0.5851262243288181,0.35517354253853795,0.3089907215041869,0.6603058308902394
33.219695435,2.46739994994493,-0.6151465878500415,-0.017367102834360312,-0.5850421758490622,0.3645240922897972,0.30561641403730855,0.6568458312945823
33.313810059,2.4665556374274615,-0.6154749630669935,-0.023649752352330987,-0.5770364383612782,0.3712410728258757,0.3065042365032977,0.659745532501702
33.403415872,2.4824660749182685,-0.6185129285155083,-0.02674328943142764,-0.562434767021339,0.39605483356999227,0.31063725499245504,0.6559818575709622
33.50512008,2.556680240129759,-0.6173484443007308,-0.14784836505179688,-0.5039189266895777,0.34543787262302106,0.392992627706475,0.6872373578684915
33.641733086,2.5611102313642657,-0.6189161631155745,-0.1519559241039427,-0.49434049443050726,0.3558933250409573,0.39783968200653075,0.6860692415335607
33.726415705,2.5745081690540377,-0.630713627302219,-0.13284274853746697,-0.48533407802824746,0.3904298088710162,0.4029569721980021,0.6705528134356243
33.819021312,2.5855635572505653,-0.6376434983001183,-0.11794677495911704,-0.4866953912751865,0.4063186291327774,0.40572547738453196,0.6583461131747101
39.988854816,2.6421245744064885,-0.5864981500031226,-0.07527869000515165,-0.5103003409807743,0.4575995972286465,0.46491137360129325,0.5604048405458727
40.061341839,2.6384220937969554,-0.5833394288150495,-0.06709381546541755,-0.5214347158733249,0.45044617452603375,0.46077081003407805,0.5593695929861636
40.15352288,2.6515603051431365,-0.5737043989191901,-0.06717320238412199,-0.5389490011839259,0.42539531633303396,0.4710410589429437,0.5537988080112457
40.238536646,2.6291045867635527,-0.5758164495691052,-0.07047786067681322,-0.5376326289532862,0.42110080609560274,0.46210633675586565,0.5657587833348117
40.32884873,2.638015474936265,-0.5720515964594329,-0.07122711597413417,-0.5454978350104314,0.40917494031869894,0.4679867605039936,0.5621355461159697
40.406217022,2.635239954575348,-0.5711006994969712,-0.08425559108418602,-0.5482551115473556,0.3839330733164028,0.4759708490662461,0.5704940654513199
40.500285613,2.640085887529866,-0.5707599094821368,-0.07869963927440823,-0.5607762865176935,0.3656517800541602,0.47834424165053563,0.5683445422474152
40.574465188,2.3881515537834037,-0.5799363826710607,-0.09192033776121215,-0.4640519506075308,0.46467197636456004,0.34235139573406104,0.6719607602812384
40.66481168,2.412054980680933,-0.5861723584688242,-0.08845173497980066,-0.4919925930607643,0.43256476547024814,0.356488896883417,0.6661431366049333
40.7476449,2.379768529891216,-0.5809094761712383,-0.08413903044461662,-0.4913891522456924,0.43516991752978174,0.3342348157839335,0.6763511897307956
40.836618595,2.378495564060345,-0.5804321552645444,-0.06993616434234752,-0.5152594771587499,0.4144564013553016,0.3315021398883543,0.6729337960179641
40.93027521,2.3306074534394963,-0.5672229674507623,-0.06894168218552005,-0.5128215656213195,0.41430794074261645,0.30365558054499653,0.6878635478604695
41.010971662,2.318966034123455,-0.563929903741076,-0.06574295571505047,-0.5154061597065291,0.4128966247429392,0.29668676039956143,0.6898186964819591
41.073229951,2.3208458303675417,-0.5650705184299408,-0.06749102674840607,-0.5203153521388992,0.4025921372210728,0.3004948741893513,0.6905753658814278
41.165800228,2.3017942821388955,-0.5600777591349145,-0.058321498305486344,-0.5362700219989959,0.3880138314796068,0.28924380046112086,0.6915184408101632
41.248953222,2.296233269379235,-0.5670579618565857,-0.055244009887272946,-0.5525779538315595,0.3615036540045967,0.2915065067835391,0.6920958528870912
41.343668952,2.2851342467117997,-0.5715611222790185,-0.05412166136701356,-0.558392211106985,0.34667130389718903,0.28964645131964795,0.6957888177221666
41.434083683,2.2679055637453307,-0.5750722137300773,-0.03899765323558422,-0.5744418551215732,0.3297165642869997,0.2815615620751815,0.6942813760148301
41.509711499,2.2324883195818574,-0.5793385599066356,-0.016563659151192706,-0.5952392619645084,0.3065178504204782,0.2666613242836475,0.6932739476720928
41.59699992,2.222329526954767,-0.578903404849844,-0.007010292107023142,-0.6039359828831293,0.29822773583536044,0.2615587278167162,0.6913093215489027
41.680464688,2.2137626441303326,-0.578231940950478,-0.003107488903111036,-0.6067800775715646,0.2958557642047229,0.2577959248072404,0.6912514487520912
41.777368297,2.180162710075064,-0.5734461263915563,0.0047196137629597346,-0.6162269630045751,0.28462995031295124,0.2388366049759494,0.6944114036898926
41.875676592,2.1763758148791226,-0.5758168018152758,0.005276245321897993,-0.6191584726870872,0.27832289697232515,0.2389589266847448,0.6943182138460726
41.964579158,2.159049434266449,-0.5794858630504122,0.0037626699625008253,-0.623681347342785,0.2628724610810601,0.23464643704641153,0.6977540367230409
42.033492619,2.1253716829818097,-0.576087609689671,0.016405682595245538,-0.6388042048233641,0.24636796277469997,0.22392027008890353,0.693607761967487
42.349620647,0.19009088636593718,-0.5364254738978077,0.07849202892556131,-0.6647365952220582,0.18909893032241154,0.2430323102227825,0.6806630221418544
42.429416038,0.1510667283303784,-0.5436311879898996,0.06079588997956775,-0.6506613007460346,0.19871229884442954,0.22365506562364587,0.6979482112738188
42.507168863,0.14809519696341514,-0.5352270825309523,0.054821999229941264,-0.6569895141520181,0.16623269681764408,0.2295933485145077,0.6985831111048452
42.627325147,0.12339357361150421,-0.5392515395146222,0.05097228363391154,-0.6567574523864699,0.15896727895658413,0.21684180179404355,0.7045414721297011
42.71919736,0.1180808019305984,-0.5401737799933443,0.04843047079243667,-0.656140934375409,0.154657901561137,0.21450716068653453,0.7067861669103833
42.827948683,0.1173717127342751,-0.537095271771529,0.050662371796009596,-0.6640241248142873,0.12826340196818453,0.21961103180364724,0.7031297576481209
42.895944397,0.10941417828639122,-0.5397863834891423,0.0422685705971485,-0.6617341101077222,0.111044525403029,0.2206101635367204,0.7078899890818195
42.988636173,0.09556559002883636,-0.5404837473781532,0.04632660123984648,-0.6683969201418343,0.0949872845589399,0.22048321610980287,0.7039958269271966
43.085292212,0.09661502853476825,-0.5404109473141313,0.04817132178115138,-0.6712752390896611,0.08874415501875388,0.22285244908936883,0.7013207641799838
43.197283881,0.1042482940123673,-0.5366963647292858,0.023086428434295776,-0.6600198709748392,0.06139901496164257,0.2364759449927256,0.7104104857896553
43.298428064,0.09659020950988984,-0.5368028044790997,0.027118048362242457,-0.6628859960408412,0.060011344841915615,0.23281057619665363,0.7090698346102368
43.378526914,-0.11240083319281773,-0.5385171781656033,-0.00984463412635269,-0.6201885865281713,0.15076712357112476,0.10381784296066435,0.7627956784573919
43.494722288,-0.12923154272580978,-0.5357508244410801,-0.018531885196050063,-0.6124272721700077,0.15339514942677224,0.0959758041719937,0.769539738706378
43.599220983,-0.10597710248277982,-0.5516955279392114,0.002036742026278078,-0.6337433830674041,0.10453030606585045,0.11848760347784475,0.7572340637835427
43.695561063,-0.12185064983736989,-0.5508305636980867,-0.006114019070769684,-0.6287718276322987,0.10039191893646915,0.10978569845383097,0.7632264092673922
43.786167052,-0.16824828970432365,-0.5440425854598827,-0.007235484242810682,-0.6277893192667624,0.10221630833772888,0.08842935014079983,0.7665589650888293
43.871097191,-0.19446828472213834,-0.5444596042160489,0.020541921681463217,-0.65197629694457,0.08086334895348168,0.08373321860604786,0.749250809222349
43.956948595,-0.21285407641488002,-0.5406871371309805,0.01791461207225024,-0.6499070328318048,0.08450183516740928,0.07423670122411681,0.7516443312634379
44.04893514,-0.21560567130701727,-0.5441554145724274,0.03260963075997584,-0.6624283525371971,0.07255338172790071,0.07813124161235127,0.7414986133761902
44.114155427,-0.24001794568431073,-0.5402286533424386,0.03676145478612109,-0.6665153290765604,0.07148475668928167,0.06751638286941616,0.7389782024601736
44.231213882,-0.25792346132143096,-0.5392552359337646,0.04267033260006877,-0.6697304027693474,0.06873335746958675,0.05911990624392768,0.7370493537498525
44.295119557,-0.27000617242733005,-0.5420998876649535,0.044734738081668,-0.6706350237669301,0.0611003604735505,0.05577927109118176,0.7371594696968002
44.37646765,-0.29050310782503413,-0.5453340494823601,0.048661844899538884,-0.6746887981524365,0.048120902014144096,0.047287614101178106,0.7350124393434334
44.456336337,-0.2954556310054761,-0.5462064749065534,0.051832387099921266,-0.6764500599881479,0.042191538298821274,0.04336956574936192,0.7339988223455962
44.551402009,-0.29937851436412033,-0.5470167943326975,0.051909301835565996,-0.6766740792752326,0.04000322630429376,0.04219620842729007,0.7339832507057805
44.611273848,-0.30837258586560945,-0.546058525178136,0.04929863672053006,-0.6754861873066798,0.037102045510001624,0.03704216850359065,0.7355064423439199
44.699415667,-0.33879928546426097,-0.5346897169900334,0.044682490583905214,-0.6719154334060116,0.04687852711086582,0.018590601944377467,0.7389089548557882
44.771437495,-0.34047714745307306,-0.55547079377355,0.045247032466124965,-0.6758886499935227,0.027008122327283224,0.024897380079826042,0.7360877764257796
44.859850161,-0.34174398561450475,-0.5535563792039373,0.04766593246053942,-0.6802494950495676,0.025255931250918295,0.026035031770939847,0.7320826043160314
44.942364276,-0.349550990344407,-0.5421726002951647,0.05062869206110609,-0.6834006486788008,0.0282874702469611,0.020739040278741183,0.7292004282916587
45.008691031,-0.3684623602125278,-0.5377141434054021,0.05852730685868795,-0.6897565122043321,0.03389205101162496,0.011382039169979718,0.7231581652268566
45.556146179,-0.3332823334473087,-0.7008513454669808,0.06380283810115582,-0.6932470397890731,-0.015482217783736707,-0.005691904756190874,0.7205112386191007
45.636323196,-0.37405802648756026,-0.7617804532219393,0.037964491611197505,-0.6787156478944111,-0.03448073823718811,-0.026053156586864714,0.7331284887560631
45.728806124,-0.41884165219329983,-0.7626451723083421,0.026943085379382538,-0.6765585792412223,-0.02868472671891409,-0.044866312709325576,0.7344608153550665
45.798937514,-0.38870794193477076,-0.8344931437918114,0.02895203375933033,-0.6737494531795946,-0.0626918853082965,-0.025261086969138834,0.7358622692745067
46.015542749,-0.42297394689160733,-0.9310634114503841,0.09053597294203065,-0.6671003162606448,-0.026263071074142164,-0.0141133167057517,0.744371032103121
46.09263914,-0.4247828999574261,-0.9324455058448595,0.07195710664017352,-0.6592047915775346,-0.019704357930022898,-0.011182829691495009,0.7516220628479953
46.150343712,-0.28072534046365205,-1.0237325191400242,0.07815377013517091,-0.656925261688444,-0.06324081079226318,0.0516216270809736,0.7495231871152618
46.227785598,-0.42687159639500405,-0.929247308122577,0.05937539326475378,-0.6569959427040463,-0.011515682730721233,-0.020508610529215307,0.7535271177707065
46.319870254,-0.3331595470513407,-0.9951122004694362,0.03636293862385647,-0.6463493358116694,-0.04443173383675725,0.01979588298045153,0.7614896454588846
46.377041389,-0.3652836195921243,-0.9671079207631119,0.03751628366725597,-0.6524628238308768,-0.038183114609950386,0.007315999715090376,0.7568228256504228
46.448448003,-0.37236396164875196,-0.9578508324100998,0.039520026059894,-0.6545599005988979,-0.03527160153301523,0.0042541835182348,0.7551749152188848
46.516235165,-0.3826950192219381,-0.953728373470968,0.033835108035835615,-0.6547592450911075,-0.03421538270072777,0.0024872172040426056,0.7550585754131566
46.61432089,-0.4143631607807489,-0.9266725747190796,0.04462541271062389,-0.662170332955543,-0.023834414411466165,-0.013970306188302636,0.748843909895923
46.677568149,-0.3722633677299223,-0.9559544305812034,0.04383108481898459,-0.6609831344734785,-0.03820856025290853,0.00394980270287235,0.749416974002873
46.755085219,-0.40645671175033593,-0.9239206209476214,0.04553948238073802,-0.6636726543654781,-0.02272527782822753,-0.014979149110300342,0.7475277885717976
46.838606451,-0.42769460183220187,-0.9204482179132589,0.05991880858038459,-0.6673517593237193,-0.011068649682672738,-0.02671901516841357,0.7441808977326477
46.908639898,-0.4280071780969392,-0.903282820638097,0.04850651743620955,-0.6605047008386659,0.0008997416717649864,-0.0346538148520533,0.750021228866989
46.997308433,-0.4026968719253527,-0.920924058921201,0.06313681107635209,-0.6686654690683864,-0.0034484322749284146,-0.02602571353839309,0.7430997651898548
47.087150674,-0.3115924850479062,-0.9577308061604577,0.03514890753439287,-0.6579033713252846,-0.02592752532058573,0.004143466282032334,0.7526445038108929
47.198318301,-0.35488349455704415,-0.9240427023248721,0.022348679582227114,-0.6549081909926594,-0.004749056350190295,-0.024041968014616954,0.7553109899958357
47.284087874,-0.23447327406003576,-0.9777807976928495,0.030911629322625343,-0.6566776904454402,-0.044659505115213105,0.02607355474684449,0.7523962448184934
47.370251701,-0.3135356464689341,-0.9385007874991045,0.019033326150504633,-0.6582338688926886,-0.015006269217626267,-0.012618658911900517,0.7525581407266793
47.452291971,-0.23506140043733065,-0.9630080635782404,0.006984773946197119,-0.6522217621636943,-0.03523809219121288,0.01218663119748112,0.7571106496667878
47.542288655,-0.34551688188482427,-0.9126164636556928,0.02971858744075421,-0.6628500849876954,0.007316713151968468,-0.035480748559939296,0.7478752215591067
47.650272639,-0.19225448030521405,-0.9463300455615952,-0.03242260426245871,-0.6368546229840722,-0.02971402328570072,0.019757118040778263,0.7701577255930857
47.744017533,-0.23548098645038135,-0.9357675659409986,0.0025409250435324245,-0.6508420236508463,-0.008422974755321389,0.0037586779558830665,0.7591571550649883
47.860249205,-0.25382818687223657,-0.9299574301527553,0.005254392472483286,-0.6520449833521873,-3.0892706041063533e-05,-0.004921203876503421,0.7581643096870838
47.946528753,-0.20018017817710423,-0.9433701578628368,0.0031907063378698477,-0.6504478217538762,-0.013844785161860385,0.015583583528446684,0.7592648451126077
48.010956756,-0.21683895983825785,-0.9300731770721025,0.0011534155679591587,-0.6483238462618874,0.004022377381157849,0.0036847640999524314,0.7613451473293328
48.105298049,-0.25464696813271476,-0.9149974116014175,-0.0013922824774840927,-0.6450322626116595,0.030407503334544006,-0.016105733225441843,0.7633802258955322
48.184532987,-0.21907973740572337,-0.9211127085293459,-0.003931794171590228,-0.6423702553949195,0.02616359055422557,-0.0021201147405923017,0.7659447934588128
48.280968253,-0.23035462565029055,-0.9132977722084924,-0.004898159127175395,-0.6354062693412237,0.04597292447102497,-0.010155936272639431,0.7707413444573191
48.351305603,-0.1988303845079325,-0.9158350819883224,-0.0027230566504081793,-0.6369196378969315,0.03817522939628282,0.0016875465511633494,0.7699825835097963
48.461617038,-0.043665233469853036,-0.9308949137657309,-0.1143537601511558,-0.5917010100364736,-0.013624110704059667,0.0636033389377046,0.8035290371886483
48.517959037,-0.08528120836776423,-0.9312762571494374,-0.007389519355175978,-0.6374374546111605,0.009032485224759634,0.048440455204722455,0.7689248519647861
48.603333097,-0.10300808012414822,-0.9227600733001666,-0.010879790888651734,-0.6354685945297788,0.019993539874236577,0.041104434141359725,0.7707725664705276
48.677680636,-0.06847628284785595,-0.9251691316802704,-0.028122949352216597,-0.6294579573782789,0.01363456311107214,0.05729455941272248,0.774799401163706
48.759862812,-0.11025262567955749,-0.9241898770954591,-0.00356525256635656,-0.6390615808219082,0.03390049453128774,0.03963546140321241,0.7673852243738422
48.845074634,-0.24655234563790293,-0.8896772702666176,0.02635397987148633,-0.6474583550431545,0.08792125972649256,-0.02145741590640498,0.7567080744088425
48.905376914,-0.12485247011787129,-0.920243029103154,0.0033261788408006226,-0.6415882910649817,0.04913494770521554,0.030963380303490204,0.7648473643561201
48.997318684,-0.07080073752408984,-0.9260904397055733,0.002278645496808382,-0.6429791772742263,0.03265786814394189,0.053235725277458235,0.7633329540863771
49.083808266,-0.07264610707118555,-0.9259615987236466,0.014448047475537866,-0.6477719958695186,0.04119216193375619,0.05350229922618544,0.7588360502374377
49.17535793,0.1790294814444343,-0.9064160358291772,-0.014476465242377263,-0.6358570320854156,-0.04110585247116205,0.15602704723670066,0.7547527437318412
49.263676415,0.19688837998940678,-0.9019748365911333,-0.015078129673011822,-0.6336717852739052,-0.03640189242801317,0.163677967314822,0.7552115556525396
49.353590397,0.19729921253112317,-0.9011272092422984,-0.01691326969401332,-0.632815281827986,-0.03015514813451803,0.16265684328379837,0.7564246409649157
49.433928246,0.10404877796491004,-0.9162976938749366,0.017484298324454882,-0.6456125273276665,0.021930772442184998,0.12435944318181032,0.7531521988742924
49.537236996,0.10341838166498568,-0.9164126252996277,0.022443709898964107,-0.6463734561339374,0.03248300197701737,0.1264264083733237,0.7517729531273732
49.630616618,2.0161357278692846,-0.9596691000543738,0.015072551810878368,-0.6659762536732552,0.05926762261414642,0.11285845200096213,0.7350006450779142
49.721927749,2.017817759331841,-0.952194268674918,0.02144590390294257,-0.6663949233987767,0.06702345944573485,0.11282144956464009,0.7339597962221077
49.80927032,2.0347302195140817,-0.9589253219662224,0.016701543349773765,-0.6630933868892873,0.06646155124497632,0.11966149393974655,0.7359151780863836
49.889961721,2.0412922336810615,-0.9603004455609581,0.016243497547613242,-0.6622558755830397,0.06813596715064052,0.12368609034097218,0.7358507975754008
49.991542716,2.0419673133058676,-0.9545836728160582,0.02743177430154667,-0.6647516110700914,0.07405971912187947,0.12334521147302681,0.7330800859319397
50.085567477,2.0474249572705117,-0.9583307142116685,0.01901700698612868,-0.661684170043899,0.07191341998032441,0.12497726228166024,0.7357874713887367
50.172811958,2.0587493155188143,-0.9597101656789472,0.023315570639402816,-0.6614119083518326,0.07436308526308744,0.12977158374059328,0.7349583356177409
50.263842463,2.0666072180013644,-0.9624861450152801,0.023913605857082965,-0.6610491720682212,0.07538465339877332,0.13465980799295668,0.7343009480118945
50.347856504,2.0596699662560782,-0.953979213673388,0.02697971071355433,-0.6608738316370051,0.08267472553191668,0.13130658007089335,0.7342814517919759
50.468824874,2.091532285034307,-0.9535524927280671,0.036898942048530906,-0.6596822369837242,0.10018494260003086,0.14533242966483872,0.7305209157663403
50.544062031,2.1018836433853423,-0.9507281018319341,0.036762417458229044,-0.6583676464415112,0.10541954174523271,0.1495734573809646,0.7301140617632258
50.630851833,2.1484575705680613,-0.9591627397363012,0.039612570746051554,-0.6557057770123332,0.1183004654612616,0.17370702123566822,0.7251763955326541
50.728595083,2.161310459700845,-0.9594694173649426,0.03599833941327876,-0.6546520397179519,0.11789030783524268,0.1785276040231387,0.7250244663550286
50.809852439,2.1508521598705497,-0.9525796307243547,0.035584048413329336,-0.6523107785848001,0.12950510831699047,0.1745065339901584,0.726131217244265
50.887486417,2.1778695102571386,-0.9627245629884611,0.042726004018363434,-0.6549132995148598,0.13520225191124258,0.18486287135375154,0.7201629260046193
51.004360156,2.174531972659019,-0.9401614959136163,0.017549454225947836,-0.6422784646971741,0.15148361519878772,0.18262074985909105,0.7288214800851097
51.088555862,0.3017642477977354,-0.912983693221979,-0.00710096494888716,-0.6073508904591403,0.1305970936195625,0.2230560384131909,0.751209224333691
51.162781051,0.3457893099490155,-0.8960165445243727,-0.023979811854783768,-0.6004732308812426,0.11852311171863117,0.24122139552903413,0.7531244315002663
51.248002837,2.2750666133761417,-0.9507394917768986,-0.0012608029244485647,-0.6187340781878456,0.16241345467261548,0.21647826883010393,0.7375141824769639
51.331979638,2.318893744462447,-0.9648338317510273,-0.003688399360480571,-0.6206858612101306,0.15265814298102665,0.2355498728171113,0.7320934438248067
51.434577269,2.3324302310403517,-0.9678972923020583,-0.017904395563899722,-0.6164215066445355,0.14866359110203242,0.24263594699278038,0.7342012394797798
51.521927193,2.317140089472454,-0.9595874424059034,-0.018088271885245283,-0.6156674786805473,0.15512698689532145,0.2368299297079185,0.7353915678238762
51.594135761,2.3045166200524054,-0.949210527779186,-0.013543304090102973,-0.6157669311668736,0.16459606438882157,0.23178765666497572,0.7348562473618911
51.670665828,2.294951813875158,-0.942725328208333,-0.021347553458346373,-0.6047458928787477,0.17857956724033364,0.22733956262326824,0.7420973429926845
51.754183025,2.352499545000793,-0.9482468527086872,-0.018274373049915776,-0.6051906126212019,0.18122088474640785,0.25144469150463716,0.7332659002306335
51.864667367,2.356139643376805,-0.94610153043918,-0.026611596995446192,-0.6012145591865506,0.18360072079561118,0.25336071533929116,0.7352823791362173
51.945936649,2.364997128731991,-0.9461468520351515,-0.03512127040447367,-0.5976012369805801,0.18359701734250677,0.25862682308172225,0.7363946381967157
52.040987676,2.3537296434805475,-0.9376485743226841,-0.030830294004878696,-0.594459173978442,0.20248478657851043,0.2534403539309955,0.7357895002488518
52.120846273,2.418301646213116,-0.9454732225892977,-0.049150768176129254,-0.591503345389663,0.1921226629226055,0.2819235686487527,0.7305694876086161
52.203392483,2.422689715193267,-0.9433819371573264,-0.049418950838402816,-0.5912400460373376,0.19916976282666643,0.2834367195028722,0.7283064187378734
52.290487762,2.47731490347415,-0.945837845041912,-0.05216621528845728,-0.5955990307737827,0.1885894531487976,0.30676574766573356,0.7180463695064908
52.377632189,2.386867969788154,-0.9396302451238341,-0.0640753621987949,-0.5811449618944179,0.21945998612011242,0.2696013902756001,0.7358144726208905
52.454489066,2.4239499988973026,-0.9331520603804206,-0.05749693386841463,-0.5840382331960243,0.23395785915535217,0.2832238407482101,0.7238420534457385
52.547701395,2.445574019628822,-0.935891836918737,-0.07295139320763834,-0.5796214460654978,0.2287762085639503,0.29466459786378,0.7244813320036773
52.663558741,2.4703565279804387,-0.938169782750067,-0.050969073665627876,-0.5908730609976144,0.22908339714702275,0.302196712475623,0.712086350036156
52.72416437,2.4048388004434154,-0.9318037835541867,-0.06719980870959782,-0.573296168538321,0.25752813207528047,0.27666946692030503,0.7269558242445906
52.823112623,2.3465781814136384,-0.9229474670900867,-0.0458996486630544,-0.5590151161959108,0.31617005540559906,0.24645224261147602,0.7258098153380587
52.918421629,2.397578104894046,-0.9254917534633985,-0.03842947079097248,-0.5657575590438331,0.31429602921231226,0.26508583869313107,0.7147488289815497
53.031206107,2.3885933855095836,-0.9250824767144101,-0.03849074997934243,-0.5533180881414085,0.3374987436367859,0.2631487935706267,0.7146232600618676
53.102367301,2.4050683428581148,-0.9284208259657207,-0.04060898993701261,-0.5483878091904781,0.34807858414233017,0.2700244896910774,0.7107734413720107
53.186229531,2.638700340154402,-0.9227807437743207,-0.12686747577785945,-0.5492514393098838,0.2755057467550506,0.3771567020118531,0.6929446313007309
53.279982093,2.584545832608788,-0.9286327749226463,-0.11244990926331214,-0.5425847565230363,0.30428933727543317,0.3555313299136031,0.697572401015966
53.365621244,2.598630776545921,-0.9245911478904137,-0.1379466276995315,-0.5325102867201679,0.30547099546015966,0.3666934395469224,0.6990394744669508
53.470105018,2.6255746498489443,-0.9226224840032768,-0.13796614485938438,-0.5318118866870793,0.31473730329282146,0.3780113168482541,0.6893649189137347
53.569539506,2.5851260132664633,-0.9290036989458089,-0.139646914070987,-0.5225524755688997,0.33121491992432417,0.36137708483842157,0.6975974409715269
53.656286495,2.6365995346364044,-0.9172852812346115,-0.14647264069878102,-0.5255633455101585,0.323739705431471,0.3846015397664191,0.6863362358149344
53.749849116,2.65669095152955,-0.9178414001904308,-0.1579861346572807,-0.5055840424550911,0.3519907405902345,0.40342733083589744,0.6765601845276812
53.840672902,2.656174637620087,-0.9225977667521139,-0.1330251470143177,-0.502858580254629,0.3859373147447037,0.3987799081723835,0.6626916494041336
59.491176865,2.7351023423970418,-0.8148872458244175,-0.07609985529968173,-0.558955852595553,0.3519457891748259,0.4028471372460665,0.6335745420579466
59.557164666,2.626825790186991,-0.8392460311555532,-0.10815499803578038,-0.5314831548531409,0.35830859129389436,0.3651602198960447,0.6751285976151572
59.653769231,2.5927515080101218,-0.8453079968135901,-0.12337432575549977,-0.5281212823501366,0.34551272739847505,0.3520083826309988,0.6912300376083366
59.759982022,2.422926921563501,-0.8478692406537037,-0.04953943625555881,-0.522793342913924,0.4100177496250432,0.25988544277128606,0.7007368423544406
59.843148023,2.7206243238044627,-0.8274046224038714,-0.10741953242895866,-0.5665903232474473,0.2855442923767949,0.40148624987464177,0.6604912216335547
59.934441861,2.2406169805213243,-0.8213359579548074,-0.11563687439440443,-0.46271167628068083,0.4232136649760777,0.1970769613410998,0.753623758728185
60.014779084,2.3028399190915123,-0.8467695946234934,-0.07060230323886367,-0.5069040025307668,0.39703463005129036,0.2158442065373594,0.7340457160576451
60.123049496,2.379227318227314,-0.8749821528130403,-0.050000703857948345,-0.5463490193032788,0.3480795284157272,0.24551103554044534,0.7211572106219895
60.201234729,2.3914961332138476,-0.8919937145504183,-0.017862318771644112,-0.5681819517692144,0.3307933239092168,0.2405863448643364,0.7140470973301671
60.308090623,2.299467000035139,-0.8906430829822124,-0.08751772124025367,-0.5228712025402754,0.33884049536533833,0.21371495390199002,0.7524086274979364
60.4054829,2.2924964944621946,-0.9041312858428975,-0.08124588738689709,-0.5318394992529107,0.3212226306273952,0.21111069829266868,0.7545826937278719
60.524049992,2.3311471550002927,-0.9193850434732077,-0.07477707990619957,-0.5459594956554663,0.2957431689747202,0.22666451062722126,0.7503915023043242
60.586448617,2.2809043796108748,-0.9153574621791464,-0.0861307127925327,-0.5389656455334646,0.2910314461858212,0.204589216989903,0.7635181612490585
60.689030419,2.3565698389116427,-0.9438096168862989,-0.0407546267817421,-0.5725081028560788,0.250281754665297,0.22733464447669852,0.7469353886826132
60.798949125,2.297568835442262,-0.9299055723352644,-0.1034348004024027,-0.5382806227037826,0.2492945182933305,0.20446714107913322,0.7786522989046202
60.901839812,2.3094195560819566,-0.9353512456591587,-0.10321334390692262,-0.541774885997534,0.24248467116375694,0.2087107317444165,0.7772522033469407
60.998229954,2.2865765530120292,-0.93132403201158,-0.105609378366238,-0.5389980629176846,0.24646146044723105,0.19925135204099775,0.7804080569772689
61.069852958,2.2826434799817066,-0.9365987702637601,-0.10831091286518202,-0.5406871175740167,0.23149133416337808,0.1990040549355263,0.7838791929984996
61.148792311,2.1775120096405938,-0.9088977309096795,-0.14242110880168243,-0.5179054594115001,0.24074367886076187,0.15832098227541236,0.8054507326781059
61.227170912,2.2848348883627323,-0.9528653917328336,-0.13457521281496138,-0.5448258725460763,0.18791074493923177,0.20408600568807822,0.791330034071168
61.338471452,2.271428807171287,-0.9492631444125215,-0.12019464499115894,-0.5534791030489398,0.18572635717546493,0.19187358658683865,0.788892343421316
61.435861044,2.2409289694256684,-0.9445629266820686,-0.1313881452528024,-0.5479839831983521,0.1872378173661069,0.17953865441884218,0.7952492851147469
61.519793332,2.232841764244819,-0.948908653310292,-0.12654045599511982,-0.5532425035647714,0.17769705496885624,0.1739538110576382,0.7950387163675131
61.59024163,2.2299044311653247,-0.9546824695794082,-0.12191711364854804,-0.5591039184151261,0.16743383280003588,0.17291380196955874,0.7933911627533888
61.70632544,2.247496504293054,-0.9685185044789941,-0.10109380786168098,-0.5761074514984791,0.14476666767977708,0.1724015322292226,0.7857611137883046
61.781270161,2.2068958988574647,-0.9585251303528579,-0.11432955271390463,-0.5679613928814508,0.15355713262780712,0.15526913365199468,0.7935562735876059
61.861815789,2.1893701095387623,-0.9698811829943718,-0.12747493542543334,-0.5714198012045699,0.139980708690839,0.15078453960651234,0.7944487614701102
61.951843701,2.2153399717329405,-1.0087511386508883,-0.17880588266105762,-0.5669546302203846,0.11005459956719377,0.1695256336099856,0.7985684015379676
62.0786775,2.2165583688249457,-1.0126773238418527,-0.14819607636134635,-0.6070263785020873,0.09253277928771708,0.16400911512315236,0.7720477127201737
62.200575012,2.212903638379224,-1.001326540253181,-0.09497491126126734,-0.6455517849604481,0.08121556103282546,0.14957111336148785,0.7445101796673483
62.277230599,2.1902024487528347,-0.9942881293776525,-0.0988905195547802,-0.6460522866588693,0.08468864707638357,0.1376136203252262,0.7459938119449798
62.370311063,2.1166019972454277,-0.9788422044709681,-0.1043429326980306,-0.6533392610281994,0.08640478537609708,0.10448832169021506,0.7448249550690413
62.42358666,2.110227044330817,-0.9796313351560983,-0.07240085629733792,-0.68008054719048,0.06711346770282167,0.09891783696450011,0.7233266850574949
62.532333104,2.08973326963324,-0.972431539845813,-0.08263791573615785,-0.6765184075955282,0.06637326377267982,0.08609185556675479,0.7283581718122246
62.619926548,2.0373208888348,-0.9557439028940774,-0.09419260260162496,-0.6732481381137302,0.0708335620514553,0.06319576529622056,0.7332979246269031
62.696508192,2.046695808841596,-0.9619392748488433,-0.0792375958475769,-0.6812443017789526,0.06251062078840308,0.06701757110005138,0.7262969563107129
62.831086205,2.049236691346605,-0.9727149399954274,-0.08673526503269173,-0.6827387260620802,0.051577874570860605,0.06733533241064928,0.7257227485748454
62.919278585,2.042653226855801,-0.9679099803617705,-0.08086008611054983,-0.6874365512834395,0.0478759933026317,0.062077538779026345,0.7220008700853177
63.006432127,2.020109046992505,-0.9753780729231801,-0.0919315161388324,-0.6910076877123896,0.038452618914285086,0.054273677325479684,0.7197806190573479
63.102918621,2.021586148768966,-0.9726017322500595,-0.07676257097200534,-0.7032391999848209,0.029253628408390298,0.05024356014433178,0.7085721117103576
63.171324965,1.9909836620121055,-0.9640156719257756,-0.0806780961702027,-0.7094618994472671,0.02822002580516747,0.033614538265317274,0.7033757930107074
63.270647662,1.9719757154216784,-0.9652247578970741,-0.08225706514726852,-0.7098061008666893,0.022174248146153985,0.029711934089823276,0.7034207864885867
63.356709293,1.9596808039433267,-0.9636626337200667,-0.0823249477625976,-0.7107242973986377,0.017605931923055262,0.02497865222543226,0.7028065674005433
63.430258495,1.9571815217902757,-0.9653549260163348,-0.08129624025744625,-0.7116732822764856,0.01582705719430122,0.024573730832568544,0.7019022548099917
63.513783455,1.965287372364454,-0.971322761677688,-0.07581569352425417,-0.7143838891766225,0.01049640952258768,0.026679862273970126,0.6991664102494191
63.614100621,1.955978503060272,-0.9701898320315473,-0.07624748182594995,-0.7148562080697535,0.00936913610312018,0.020540319271011825,0.6989069439897266
63.703756483,1.9378157078950453,-0.9700670843572721,-0.08010215963060213,-0.7132386327157803,0.007062509959161356,0.013448987597948865,0.7007566613935193
63.778495651,1.9389588414043328,-0.9781252774380051,-0.07623855743435953,-0.7148772443957991,0.001292773067943287,0.013994028345308353,0.6991087335697751
63.869639419,1.9181058088427205,-0.9821941945830484,-0.06941558121515794,-0.7189274697903768,-0.0054450234362279915,0.005682159128948353,0.6950405441182689
63.941206777,1.8997079375841381,-0.9818295159881868,-0.08652774684954859,-0.7132362996601862,-0.00825554690024266,-0.005396932104611941,0.7008542643918786
64.034672348,1.8842550968588572,-0.9794425670220569,-0.09040536945346216,-0.7122629358178242,-0.012265613936687347,-0.011875931641036001,0.7017050856468032
64.132526158,1.8907512762371548,-0.9907671124198635,-0.08492608729671548,-0.7140827884942557,-0.018324795660044857,-0.00843595371615806,0.6997705393378493
64.225805565,-0.0627148897519193,-0.9390320085419874,-0.20734530102596907,-0.6371367178631179,-0.027173735630120155,-0.020133992643102956,0.7700084500723132
64.313207808,1.8499972234681632,-0.9768803432816558,-0.13763332467045916,-0.685339800610323,-0.02188536479865033,-0.03421383188034323,0.727089954692744
64.373591053,-0.14149493079057932,-0.9571086222609957,-0.05353471911845613,-0.6928180139267547,-0.010908458311852054,-0.05298813901826318,0.7190802891466482
64.474762319,-0.14092005255886866,-0.9558821046138924,-0.039151461302941705,-0.7015785942577443,-0.02467022303052291,-0.05080258849157232,0.7103505846956891
64.55483477,-0.15876375506015028,-0.961284070117985,-0.05047883124993715,-0.6985443337335064,-0.021115523228921518,-0.05660397348017495,0.7130118783539557
64.6356546,-0.13158065087434861,-0.960279000259524,-0.03498411602310873,-0.7045654775636168,-0.0400318014160127,-0.04783654088466017,0.7068922181330982
64.710142549,-0.12201341935358395,-0.9658255897708959,-0.032702820230282995,-0.7063998732371349,-0.04897358394956797,-0.04447931058217303,0.7047144088890398
64.811622016,-0.15486172306914758,-0.9616707572951578,-0.04109348408757823,-0.7044372135466982,-0.040846932380006695,-0.05627659649225569,0.7063516723084575
64.888113606,-0.1110773529309123,-0.9663859223518595,-0.011161081599060539,-0.7155312077933929,-0.0618218563158589,-0.04069689114810497,0.6946487686638976
64.961981434,-0.1192709047948932,-0.9647967560795616,-0.032705676928407305,-0.7071151761564375,-0.061765433633901856,-0.04934680387991127,0.7026649641216676
65.030583683,-0.18245309807893126,-0.9541639740337312,-0.03166602377697206,-0.7080353432298726,-0.041607101446513695,-0.07249788086487403,0.7012124208231614
65.119988752,-0.18923367696158197,-0.9543083953205941,-0.028375268686969803,-0.7092328278434471,-0.04171534524498688,-0.07422007472036331,0.6998142656368065
65.218023097,-0.22206592237094375,-0.9505086414704073,-0.03477348395182219,-0.7061211847675596,-0.03317830799685484,-0.08536434417617544,0.7021431485418734
65.287635888,-0.2672782521267089,-0.9453240238133717,-0.028325197076684256,-0.7088548183095673,-0.026383474344046864,-0.10106973553047302,0.6975769974709944
65.380846722,-0.2592952885388316,-0.9484776530896629,-0.03672696368006747,-0.705712221938618,-0.03646629983048533,-0.09774296893902892,0.7007758420537311
65.447936972,-0.28573134836183445,-0.9429570609138621,-0.030373660929887875,-0.7084860371180117,-0.030201333250247875,-0.10552924577185963,0.6971362800525772
65.609906572,-0.22044976191999358,-0.9605501885017239,-0.030885578858076,-0.7095529527156827,-0.09179509899266858,-0.0771311753021854,0.6943767341219645
65.718697239,-0.026789493994066615,-0.9916712661695131,0.14818594374257243,-0.7585792368270277,-0.16792431307427713,0.006699260375172051,0.6295348174993041
65.816285757,-0.1880502595507783,-0.9740200990208074,0.021648880736054938,-0.729770730334086,-0.1114117155398241,-0.06406266436756758,0.6715043453487524
65.910546115,-0.1270104778626095,-0.9900828917236945,-0.010669154780949078,-0.7165818095062207,-0.14037045940454618,-0.038139439018546474,0.6821671551773052
66.014126091,-0.2865896268148797,-0.9522742436005855,-0.02362416482468883,-0.7189629999451744,-0.07933441680310549,-0.09189242282344443,0.6843639657725878
66.096434402,-0.18188699206872042,-1.0088915380228638,-0.035366769678202604,-0.7079669631907867,-0.13314057400888368,-0.037687891199181214,0.6925575712097581
66.175699252,-0.14726751893079684,-1.0133375297302991,-0.09076035895931653,-0.682303640415995,-0.14799437380155178,-0.03215423718962187,0.7152101178177787
66.260741971,-0.19402090345137715,-1.0061864152184492,0.00035943558461055383,-0.7122622557963607,-0.1292222030524378,-0.030920081142689078,0.6892227867593201
66.340536852,-0.1483257041836215,-1.0246233249365404,-0.06617890211182328,-0.6820889385261095,-0.14394435993315513,-0.020536944631560354,0.7166679392082221
66.442087243,-0.32116267404010984,-0.9574950584121427,-0.030420093889067124,-0.7004747185559171,-0.08157607808155964,-0.07203808024002062,0.7053304382657626
66.530339384,-0.35995564615437453,-0.9564624140170228,-0.02593288755414088,-0.7034159385947344,-0.06948465942929449,-0.08057180720549768,0.7027702920005395
66.614686816,-0.31925087436736227,-0.957414763956881,-0.021258301048195163,-0.7033169437566973,-0.08694207739300075,-0.06974930409860626,0.7020836035552237
66.688313259,-0.3000761937331423,-0.9781390268162538,0.003548299420093687,-0.711624284031286,-0.09710984842544257,-0.05431524237578013,0.6936933113137301
66.770703143,-0.38171412139386596,-0.9444697175082652,0.012391578193520223,-0.7190684814061185,-0.06441920666086542,-0.09213120171209976,0.685786064696978
66.865556326,-0.36136079365925033,-0.9574504005900276,0.019911312018609423,-0.7210037616447599,-0.07194141410783905,-0.0899014809141586,0.6832976894148786
66.947849397,-0.34120497781057973,-0.9567615063575945,0.001088656020943227,-0.7142202484066934,-0.07583883687971671,-0.08765914560110123,0.6902563160008737
67.037399502,-0.31877417388382134,-0.9716640893166228,-0.020169705169639035,-0.705353929361741,-0.08060722054806302,-0.08180762353119114,0.6994896876020738
67.139525034,-0.3211354737237745,-0.9655167197231016,-0.01546108771543454,-0.7079763417447578,-0.07895145690999195,-0.08388587846360414,0.696777817080803
67.213426289,-0.30728787286050396,-0.9719689138376244,-0.0099208799810872,-0.7090458337839594,-0.08434491348249729,-0.07803427334103194,0.6957374456987181
67.336693952,-0.27724678904212074,-0.9956052904175535,-0.023374370453442143,-0.7011342008709665,-0.09719856120513481,-0.06741989686210463,0.7031485117496777
67.387726098,-0.3136411307844117,-0.96514193853855,-0.011996336545340025,-0.7060873705790996,-0.08467060355595413,-0.08272621445053809,0.6981603594052351
67.550827629,-0.3333811892639317,-0.9906201576254935,-0.0030686224739868546,-0.7071543057695364,-0.07845718359465703,-0.1181850868280166,0.6926828591970884
67.630417661,-0.29771380883351667,-1.0651352687297075,-0.016662027302022625,-0.696387694582265,-0.09739838023343217,-0.107830863819128,0.7028017068635523
67.720056876,-0.25627257949383236,-1.1095135550956883,-0.005079612236051115,-0.6967462174535441,-0.11354800368514639,-0.0917171199140678,0.7023101375019195
67.904321371,-0.31209211959449423,-1.1999109794871412,-0.08782029500542103,-0.6674653582459841,-0.11030605408568162,-0.09176141126355038,0.7306862619322525
68.081073835,-0.2862356195330888,-1.3048843372129975,-0.1029783346790713,-0.6547003889088897,-0.11659486978388389,-0.06078286425862061,0.7443644809601987
68.169157107,-0.2913337430589648,-1.3412919771791612,-0.05018850559023868,-0.671032302480708,-0.11771221404761034,-0.052882156336642255,0.7301116087507691
69.062343508,-0.21202532750913242,-1.5410664944534838,-0.11536595056303961,-0.6335944868555027,-0.12314168954880444,0.022218481255302076,0.7634792005104564
69.239750149,-0.37119274610026004,-1.4862453193498986,-0.04455685425849645,-0.6561270797630689,-0.07756315044942386,-0.03210109646605329,0.7499671542805223
69.320497481,-0.3476837178078964,-1.4751821551327455,-0.0462100739527529,-0.6551163874267155,-0.07929840672367727,-0.030031369976172565,0.7507545527223991
69.41740862,-0.3126867557623774,-1.4803202070366093,-0.06426833705933638,-0.6496117256621319,-0.0854735936599148,-0.02223919030108994,0.7551187251577586
69.510194331,-0.2580876294274635,-1.485501564714922,-0.07955428384535919,-0.6448850186040322,-0.0971776132953438,-0.01098160298956636,0.7579968526650205
69.570484783,-0.26783130759967233,-1.4816647585065104,-0.07886305104689109,-0.6453024242772085,-0.09504232011020841,-0.014769803327497881,0.7578480002742589
69.637627627,-0.23778289881493664,-1.475156248610926,-0.1254810119180441,-0.6314600558898875,-0.10268330741044318,-0.01139934979272348,0.7684948867878663
69.72245198,-0.27589888408249724,-1.4784804172078052,-0.07064935286272706,-0.645833359669505,-0.09564524146818798,-0.021360008642131226,0.7571624722299038
69.803095128,-0.327387587350883,-1.463258398333163,-0.02489901816881127,-0.6569823225876515,-0.08175652439365966,-0.03639666977412236,0.7485755679660921
69.874836967,-0.22428508471230646,-1.4757474225699772,-0.09652559317234481,-0.6343807882182866,-0.10284010141100841,-0.016339292916612434,0.76597516708331
69.981526312,-0.2052029710160943,-1.472724885691202,-0.13586230004874683,-0.6226056415520134,-0.10649897883669168,-0.013772215222684748,0.7751325749200634
70.05434823,-0.22806139163724518,-1.4710934389593404,-0.09691550481596216,-0.6311806971988961,-0.09936580394090777,-0.020089516115786337,0.7689822987773686
70.148824253,1.6953457097957032,-1.5175201732172319,-0.06974848878370754,-0.6534525608665431,-0.0894734672674049,-0.021820114789788896,0.7513442166827836
70.218409953,1.723923328370356,-1.5344457784274794,-0.07607288020647857,-0.6510138092980958,-0.09502662257775085,-0.014989340488969724,0.7529450715532667
70.311869971,1.7395247502933104,-1.5248538387573,-0.06830955717031677,-0.6498056699768804,-0.0881697153004033,-0.011703215515791907,0.7548786176044028
70.403496513,1.7345001301190943,-1.517518002992074,-0.05982816545616229,-0.6519933853623328,-0.08585954827839626,-0.013901664097209599,0.7532194282866869
70.49554679,1.7380292196921592,-1.5154982680063616,-0.058106002608296126,-0.6514297476814883,-0.08480069971651838,-0.013382458220978269,0.7538362123002483
70.573277829,1.7432678971499258,-1.517294248837623,-0.06674095406401404,-0.6490474217612643,-0.08532839054900299,-0.013363420186489342,0.7558292988977678
70.651449528,1.752469807545451,-1.5163486155025805,-0.06778956418287724,-0.6482793074842257,-0.0859363088321673,-0.014202911391070855,0.7564041033866041
70.740905229,1.7979197152861754,-1.5437025140251266,-0.06786874291372216,-0.648198863124106,-0.08970570907167463,-0.0015895274995461977,0.7561670404129586
70.806670554,1.789754114452966,-1.5277487712073823,-0.07540126708880343,-0.6469102722594052,-0.08451950069231462,-0.004654591680819591,0.7578534742443745
70.916407989,1.8004352303481628,-1.531122449597852,-0.06295779729609313,-0.6505128380970217,-0.08201320843896287,2.0738757621062234e-05,0.7550542236703331
70.985594806,1.7871954686635736,-1.5200596603801857,-0.06194570797117491,-0.6511351575972794,-0.07527066988503728,-0.0030135418857446983,0.7552140434083089
71.082804016,1.8341278585390266,-1.5318420429566493,-0.06247266122198816,-0.650670835417322,-0.07276151848249779,0.010831514934240801,0.7557882664143939
71.16714382,1.8376099889831692,-1.5323271521441912,-0.04565158969776465,-0.6547510018422602,-0.06988389434810294,0.013631494500639961,0.7524835873658499
71.267353583,1.8300744848355373,-1.5073738576666018,-0.05710243285917302,-0.6542431426760529,-0.051174385104370224,0.013878228959958175,0.7544232812761589
71.354661608,1.874011051610756,-1.5086318752773016,-0.058232968356002675,-0.6531208346856441,-0.045979051240189084,0.02683200345732391,0.7553801332687045
71.453133375,1.8371367843571949,-1.4806920625938662,-0.030813419181496854,-0.660526554142411,-0.03320636273140842,0.017629781456496636,0.7498607867815859
71.553037754,1.8673421100292336,-1.4814732985192298,-0.03663533821234772,-0.6582419774847313,-0.02387707767582503,0.023974272271558097,0.7520456226238552
71.641096436,1.9068622445944845,-1.5037874255895152,-0.03369364239524777,-0.6580203675665025,-0.02903836530604964,0.036190681299522645,0.7515691610191798
71.734215644,1.9013848776218083,-1.4665918703041219,-0.03490871347498598,-0.6585273530625415,-0.010115025702015723,0.029556103517315416,0.7519081381846878
71.83520949,1.9543602755866782,-1.5024845933008377,-0.04878635708480671,-0.654780938321007,-0.020790658460397293,0.04452749487613344,0.7542194465354898
71.886169491,1.9626460326903916,-1.4884319990379136,-0.04806497004896182,-0.6552736195329788,-0.013801907332186336,0.04699635810857943,0.7538019190892743
71.980289501,1.9655642482964542,-1.4769984792366124,-0.07639955615871767,-0.6487552064772305,-0.005029692521235196,0.04766425558046447,0.7594863415505165
72.073835148,2.0015188540231867,-1.4924995932367995,-0.0623041708317423,-0.652390017737404,-0.010001693003128032,0.05816482198647954,0.7555819508014612
72.155525043,1.9798874984036638,-1.4769262461834145,-0.07957540440955141,-0.6476810942621389,-0.0006489692554851878,0.05261982381920515,0.7600920556850594
72.269084743,2.003335928955343,-1.4830976255167512,-0.06772828601038415,-0.6505667842255747,0.0018256874355723207,0.059559677802473086,0.7571077670370633
72.338580464,2.059277625549203,-1.496778934933412,-0.07028941397063153,-0.6496997001306025,0.0012442706015129978,0.07589027272296883,0.7563923703653472
72.439926601,2.0782815170459985,-1.4807974393914773,-0.09116756883634593,-0.6437201516633816,0.019247215931423867,0.08676925477780668,0.7600822372919039
72.510978265,2.099014792872943,-1.4845117405745014,-0.07615188295318892,-0.6472760929064831,0.019308511080973423,0.09291608538122098,0.7563249579572154
72.612304959,2.1273733729572,-1.4850628784359257,-0.11368848707533957,-0.6382452747836961,0.020307352440957938,0.10237837777182222,0.7627248838329145
72.712406743,2.1953511220230424,-1.493292004041942,-0.1415064242615189,-0.6298549261112761,0.019138331522381424,0.1267625677644983,0.7660598852137144
72.806723566,2.1631766953326275,-1.4821333458773371,-0.11662487663438366,-0.6360999452805821,0.029921072241122282,0.11907466262009836,0.7617760916252834
72.930659168,2.1885370815785974,-1.4812453385171973,-0.14306206179682024,-0.6286619936126155,0.03423063999216758,0.1268967811611722,0.766491727289781
73.007573829,2.1480816238210623,-1.470893664765084,-0.1302894109988435,-0.630814799281664,0.04741700309846153,0.11703217294977822,0.765589829686267
73.100295543,2.197477899289823,-1.47538899508536,-0.15124062383308598,-0.6232523030819234,0.06229727952192432,0.1339794339289492,0.7679356268277465
73.19459157,2.1514260401085328,-1.4637565321122241,-0.13486585653572852,-0.6256256909250274,0.07648924014493286,0.12273937482490431,0.7666008980324929
73.277408968,2.2404294109201066,-1.483156742627975,-0.22820037926260459,-0.6021177933474038,0.0567375963755723,0.14834854451110283,0.7824498178371653
73.382069434,2.2740521307832693,-1.490708403494596,-0.24219835541052653,-0.5994052371464548,0.058188301788536734,0.16353708429889022,0.7813981733248331
73.480930012,2.287222059854105,-1.4975363925845426,-0.22849365565467708,-0.604485916324079,0.06873927304829097,0.1689778027607567,0.7754470913484545
73.580972982,2.3011364441561923,-1.4967133245794229,-0.2102615035088552,-0.6083332118530963,0.08273546425584832,0.1770938703555955,0.7692355344062964
73.679817579,2.2089170298188274,-1.4735821138778564,-0.1559315680590593,-0.6165629671357085,0.11885252189280637,0.1558264129842295,0.7625236485598329
73.780154509,0.3550707788176233,-1.4148938874144827,-0.09344429451105168,-0.6136614799734237,0.12172167134663547,0.19296438344041855,0.7558889928057345
73.878263764,0.35180738768840514,-1.4211977997433267,-0.11035235528832762,-0.6046594951902198,0.1349725227108074,0.19790393931878544,0.759607361596434
73.975150516,2.2674146679368814,-1.4917537225137198,-0.17301858632297348,-0.6032696446497051,0.14559458260695557,0.18966327378025877,0.7608520197375304
74.034606758,0.36140541669112614,-1.4211505343411006,-0.10576320971460842,-0.6032373696740332,0.14766430107377815,0.2074039454835688,0.7558330063016535
74.119007822,0.37347432637395106,-1.420115442384946,-0.10576005251352111,-0.6021058569497164,0.1546746289746781,0.21397149113432307,0.7534988368671498
74.216019035,0.3791710625374406,-1.423213319992534,-0.10908093044973184,-0.5995159874044642,0.1676173980195531,0.21899509562755573,0.7513495437003221
74.275428426,0.379744390996172,-1.4221005357656271,-0.11217870596522181,-0.5981654634252841,0.17008303737573294,0.22047266681476782,0.7514397127846282
74.361658336,0.37274777802638853,-1.432046150191342,-0.1098590598623153,-0.5933914664465942,0.1922997127235334,0.22714781160873312,0.7478711518143822
74.44758088,0.3778588648635511,-1.4345596163903456,-0.09039074553784837,-0.5979211555218075,0.19500803804043465,0.22888802028181673,0.7430157676998235
74.52226396,0.3935893055195767,-1.4313922467360471,-0.10338513638311736,-0.5944855029490477,0.19376871229850545,0.23523342554073803,0.7441141770091243
74.609595171,0.39694784784281245,-1.4313698731815316,-0.11108387557879676,-0.5903147380239292,0.19951785688775403,0.24128025687027715,0.7439791478927822
74.715055404,0.3994790178374466,-1.4335274838320213,-0.0828253954527605,-0.5959776263190055,0.20855061566671884,0.24303944396756094,0.7363756774284005
74.790796526,0.43517099028016343,-1.4279273453065988,-0.04719033995178395,-0.6066530063424143,0.21227640961327499,0.257364138588719,0.72157782392885
74.901686596,0.4156107531168389,-1.43511765406542,-0.07691340603740568,-0.5955133416212401,0.22084422959359495,0.261122913506498,0.72691575182286
74.980439141,0.41381840639839307,-1.4438425656175913,-0.07211164832050995,-0.5913465705454759,0.22995120238567357,0.26631682794806416,0.7256080382528632
75.071804058,0.4237544437960131,-1.4408717595715013,-0.08581985062958192,-0.5870911761665334,0.2300468229236684,0.27260058689201755,0.7266989267614553
75.160124905,0.45233571519898474,-1.436170364814865,-0.05575981375558282,-0.5954142983680135,0.22934701686698622,0.27962299942221974,0.7174208927451596
75.240117304,0.45220807567869953,-1.4368401353905356,-0.06155246786124524,-0.5887740795324774,0.23812788770063198,0.28906211940113824,0.7162983201831773
75.345898441,0.4695997568310237,-1.4351073077503693,-0.05828201724429757,-0.5877522556029785,0.24169512429646645,0.298921032188364,0.7118826935952085
75.447925589,0.4705790418998649,-1.4358434863728349,-0.0695758187165781,-0.5822579295654863,0.2481503898915236,0.3035984546454038,0.7121973503122017
75.548361222,0.46916848893461166,-1.4443890597574918,-0.08058873228228111,-0.5753764261233104,0.2565467932054759,0.30918727587445477,0.712410653762903
75.614287898,2.590867273161688,-1.474242943819859,-0.006817880628471884,-0.6169640145228625,0.2463617097049008,0.34987568980173667,0.660490964707974
75.703797063,2.453974447572069,-1.4727608448365812,-0.18732001281885863,-0.5580637853808448,0.26449580411299756,0.3400049192297475,0.7092273513850083
75.792155853,2.6491302635751666,-1.4667424336910426,-0.08128915608855956,-0.5975891177543435,0.2473299907999187,0.3854934610857877,0.6581108671436735
75.897029983,2.4345403376757946,-1.4747004697760573,-0.10734060496891537,-0.5656687386350543,0.29828847144564685,0.34665390040600164,0.6862025497380145
75.981868264,2.4685651824929282,-1.4740125911948203,-0.14990969467079712,-0.5549031032414016,0.29528593136062176,0.36705068840549265,0.6856840065909411
76.108675238,2.6975829014870616,-1.4607166804174676,-0.08073534462989562,-0.592352406257243,0.26079846685296226,0.4156037478561452,0.6390432780777247
76.222705379,2.604105959916512,-1.471270116981206,-0.13141345217989395,-0.5669777114075295,0.2776451164707028,0.40837110289601236,0.6593045626920417
76.277849344,2.6669073759148536,-1.4577993238121831,-0.14986987075313213,-0.5576378093590507,0.27884345985080217,0.43742321730356604,0.6480334308008115
76.373565001,2.6640715550671166,-1.4536324172577706,-0.1362295248954199,-0.5414175153477051,0.3199294562807158,0.4511462033414691,0.6332292793998249
76.480684898,2.6547032691952546,-1.4522844706691653,-0.14672826649804868,-0.5327729629617048,0.3264338740403221,0.4582512229333641,0.6321389977656098
76.565691807,2.3545383682378334,-1.4532561354254887,-0.0378329697089237,-0.5160616306498954,0.4026917433312901,0.3783809159072217,0.65448272376052
76.643567235,2.6684317960938437,-1.4502389812857472,-0.13421124306561422,-0.5329911912055237,0.3333654208759721,0.46403544011989495,0.6240665001217722
76.739037266,2.6700086684775317,-1.4456451367909093,-0.16580764496088723,-0.5175273231265254,0.34101673716980196,0.47590032544013355,0.6240127683257213
76.836836138,2.695148169850397,-1.4405236603965499,-0.18237974361036668,-0.5101404594807533,0.34364947696668047,0.48737062205912957,0.6197835310291733
76.953595576,2.7093225229514837,-1.4378342471196115,-0.1375594552057027,-0.5167628825936663,0.3595986122947047,0.4857180057454625,0.6064016656506298
77.036076462,2.7374224261910025,-1.4234669995472167,-0.19973994729516908,-0.49089295362547813,0.36505115264892274,0.5060371674288283,0.6080198592243145
77.115753607,2.703479117274382,-1.4134596590086916,-0.28090828888683994,-0.443077116420019,0.38755234211213585,0.5218752994079664,0.6173589093033027
77.211219731,2.2743220007338705,-1.409987208612187,0.05863866458602088,-0.41940163472563846,0.5321735850480195,0.3853760161067638,0.6264015248834248
77.330535081,2.728610338849533,-1.4098861178897557,-0.22247437581212545,-0.42291020339112606,0.42551768992099637,0.5401719854095768,0.5901659780185999
77.412684972,2.7839867499441064,-1.3949576593057889,-0.26238267958139705,-0.39383987109618457,0.43648335644287095,0.5788520423262182,0.5650687998625238
77.496759263,2.7584993166850365,-1.4101704770536583,-0.21970818845182247,-0.39201217922163223,0.45840975087728597,0.5688425251876423,0.5591110204428793
77.587104417,2.2739594352192274,-1.4134048019135754,0.10280439976045061,-0.35815750676808644,0.5875167804116074,0.4128165615344831,0.5967660509808626
77.689491729,2.744939317202949,-1.4125526151762338,-0.2672247866343724,-0.3652096570714388,0.46390311288526387,0.5835849439439335,0.5575342334234552
77.778351014,2.693014545465069,-1.4333809561609208,-0.2990969588067345,-0.31721744121363976,0.49564906902627615,0.5960819395056763,0.5462521549233542
77.870671179,2.71925945014583,-1.4381494150666163,-0.18445216151390292,-0.31962192462319605,0.5336462868126032,0.5905686326009412,0.5140935285131876
77.935109412,2.708403733289526,-1.4417979153306384,-0.2595001660309505,-0.2806283820722474,0.5353089691641272,0.6128646691949652,0.5090077759332347
78.083777528,2.8453356627355437,-1.413042612355084,-0.17166576232794917,-0.2775600085419857,0.5718368289858848,0.644081656514579,0.42558418957355193
78.167672951,2.8247392166400984,-1.4160763167999755,-0.13588527048677665,-0.24937206402908674,0.6132058175880774,0.6431891809978177,0.3848374675176095
78.392717551,2.8622490197981123,-1.4326692849791665,-0.18011036264785873,-0.17968476318004814,0.6530452125069558,0.6547155864023274,0.3355485616487297
78.456733938,2.908460011350596,-1.4080597851625338,-0.18510149098201328,-0.1852928522244417,0.6582476951075529,0.6588906738223077,0.31343198743923806
78.530483198,2.9506535732766843,-1.3773371661824256,-0.15167108576595684,-0.2069454939065669,0.6573591639226026,0.6569860732246323,0.3056497861076008
78.61318123,3.007638980035549,-1.3502536158524623,-0.17178643315078918,-0.2383000032301761,0.6398154879406911,0.6638151423954983,0.305284632070069
78.690624127,2.9233089894758555,-1.3824858461654341,-0.10134023358872674,-0.24466574199489047,0.654928173878226,0.6332366281510077,0.33199267239287644
78.785413298,2.9250470322567383,-1.3726296261168773,-0.04804487523445507,-0.2641652071843797,0.6607866314693603,0.6176007283986188,0.33488372798048144
78.922410085,2.846677942960672,-1.3890464611477058,-0.11553889249730241,-0.27594814365643733,0.6352304961848664,0.6082134760251637,0.3878288363578479
79.004266276,2.847636874892194,-1.3776773346205597,-0.021556960422225498,-0.31615787811635054,0.63664162344867,0.5774694398965066,0.4015727647428589
79.077816872,2.8040640587205927,-1.389943499595849,-0.10407703265319743,-0.29875949181176314,0.6225175154535155,0.5874802560770551,0.4219972247842353
79.152464176,2.65349702333624,-1.4079934807250225,-0.05595359571983409,-0.32571383232020196,0.6136094283478314,0.52904941969718,0.4873404153115274
79.240774838,2.8048461817848604,-1.3686330862722436,-0.12506096910089654,-0.3603737392402217,0.5700760044032742,0.5660414837924835,0.4740687248655225
79.312715807,2.8277316122923897,-1.3643584256035608,-0.16163228498628487,-0.38052502833649665,0.5310051318646977,0.5706552121919037,0.49758103012582444
79.428625832,2.840887974711141,-1.3657016565052746,-0.0895223050775249,-0.40633332845834835,0.5327824643417223,0.556250674863266,0.4915498536141402
79.618664298,2.814356896595858,-1.3772702346538448,-0.18983829589935314,-0.40421892791256897,0.48006671686610325,0.5690824208650492,0.5313080123026461
79.681476812,2.8031316067759304,-1.3725500514991067,-0.15454905285800247,-0.43266697112128155,0.45757309396348844,0.5512169002312968,0.5473445758211337
79.79391453,2.7928871699719684,-1.3707659983675793,-0.18444110707652595,-0.4574091163969553,0.3964765921873197,0.5420200956015712,0.5829214595882963
79.896049661,2.2650883902728114,-1.3833927155681751,0.002777938534396257,-0.4176996852685343,0.507004945006253,0.387015574181222,0.6470640648397595
79.986008544,2.7565884742711675,-1.3853198029156915,-0.153277159009201,-0.48272452459346565,0.3702574087409076,0.5116163684058914,0.6067414409842533
80.069389549,2.220601877092914,-1.3815281508906736,-0.023109071212754975,-0.43790838228076656,0.46918122920189853,0.3614922710458806,0.6763346515349695
80.150097681,2.2015575406748042,-1.384198109150302,-0.011811576659053136,-0.45203152957625325,0.4535876326396475,0.35013643333813577,0.6836155599710723
80.240164506,2.209284431022001,-1.3874366193398129,-0.05119384597388851,-0.4478770081632419,0.43980023719981454,0.35692503355914057,0.6917994343279968
80.346394806,2.7856272564634166,-1.3914681043784327,-0.12039215727617428,-0.5229808293947434,0.3059507538144677,0.4982720253481164,0.6201694744837345
80.446845681,2.654294614369028,-1.4319064093398193,-0.046793370905341615,-0.5425060175498797,0.3216348050513077,0.45228099030732305,0.6306188856261788
80.506765233,2.2767028425542994,-1.408792258013651,-0.11611603391660871,-0.4986095200325025,0.3616652316868718,0.35623291654901246,0.7026271528263215
80.590477697,2.233533956865546,-1.4019665756651636,-0.13834878925363772,-0.4954075865968052,0.3567514417954212,0.33977561453664773,0.7154385114637462
80.839718262,2.3117106895149684,-1.4279503665276794,-0.13787499661126493,-0.5281827527405493,0.30950403863822495,0.35922561047803986,0.7044055582906223
80.918912544,0.4345629996257504,-1.3935321451747773,0.1240592257255896,-0.5957737413229691,0.29266716956690797,0.34462004974836086,0.6638046386695137
81.017319076,0.36470024977316945,-1.4257363741551077,-0.017354038537516336,-0.5581948518790428,0.2829697660092988,0.33789743042062775,0.7029736448655189
81.083038497,0.352727701849171,-1.4215637926892777,-0.018760699823382753,-0.5714744366475277,0.26031724598835126,0.3194489740713786,0.709650796282351
81.169237077,0.40021916310479433,-1.3806281953215607,-0.015523902853423675,-0.5871492639456086,0.22844102706562253,0.32251642224943083,0.7064372557989566
81.272096532,0.36147351088657237,-1.3734978237939417,-0.04117958597045749,-0.5860082679453268,0.20963267177696054,0.3060676152862841,0.7203964656328753
81.356780354,0.3502875532138813,-1.374312074996097,-0.05070905626309191,-0.5847797656887217,0.203097873752201,0.2997587161524242,0.7258984718326861
81.424964557,0.36509335105201596,-1.3732837581030415,-0.051223046883023884,-0.5878866053734332,0.1931563773393984,0.3004227679942718,0.7258278815161902
81.511594595,2.168412923861298,-1.4089505958757313,-0.2051964343116303,-0.5592992501871799,0.1977092782972113,0.2604599797048746,0.7617453570501037
81.591768605,0.3728200991563904,-1.3597850793772484,-0.0270995861708391,-0.6046432383071147,0.16030366463173118,0.2890719694770748,0.7246700531536873
81.67974531,2.1365515478059454,-1.416937471045099,-0.1992212009110229,-0.572037180904281,0.16246175527546203,0.23741137830357123,0.7681246508138487
81.755241012,2.1085064070101867,-1.413611594985107,-0.18355244325159256,-0.5768022629462056,0.15868186576813104,0.22548843033751112,0.7689435497618836
81.832167139,2.15130322259085,-1.4376773601312651,-0.1409781459897636,-0.5945589083726946,0.14011135761656957,0.23028217523605968,0.7575213737645031
81.946827477,2.1196810021566397,-1.4400368214131156,-0.12409827693266942,-0.6068749485067159,0.11684395323628827,0.2060139291698315,0.7586887032604971
82.023667642,2.108529300690638,-1.4412079011909422,-0.10240804881480768,-0.6141559944988588,0.11531419416196287,0.19809188269245365,0.7551653177002066
82.089633968,2.0414836852084015,-1.4333860408943835,-0.11831008973214478,-0.6152231998920644,0.10068197938740675,0.16455791785876372,0.764384880156058
82.1914109,2.033862620226831,-1.4353378080952712,-0.1036586713960769,-0.6207999688643073,0.09648203682529333,0.15951671426501077,0.7614808159751711
82.277796571,2.006257649604041,-1.4315607234092245,-0.19973347356466398,-0.5983802364129667,0.08054729965346874,0.14571151535402357,0.7837227695315038
82.329810745,1.9834293763532131,-1.4411141159566325,-0.0951369680665942,-0.6296544611329771,0.07107324691799621,0.13198630617009352,0.7622751918640986
82.421168461,1.9125817455159853,-1.419964876233113,-0.13306568297567617,-0.6220632355864638,0.06537465624777516,0.10814155810934521,0.7727023286245923
82.531343137,1.9057195606123682,-1.4184057762033673,-0.0924607420777953,-0.6345293004432843,0.064056697251343,0.10422721730472008,0.763155287991324
82.58616233,1.9047681070057934,-1.4242951219751045,-0.1010556349776083,-0.6334470155248836,0.0591525559230629,0.10340875575141298,0.7645603199776533
82.867737735,1.8299636882657935,-1.4318461826923297,-0.1911873030386939,-0.6175273029753258,0.007578467582784132,0.07850648938305456,0.7825850292676605
82.948847956,1.8248657970953477,-1.4524978746159207,-0.15542691158328853,-0.6311633828951676,-0.009020733411394866,0.0712203828822182,0.7723205730285571
83.014264288,1.8142032941341415,-1.4517736229874598,-0.136630436818023,-0.6339233511397747,-0.006849420329051226,0.07029682650031822,0.7701640257145606
83.085005422,1.803866588888781,-1.449135354268743,-0.12525321846719453,-0.6367695972075282,-0.008083670647697994,0.06652108907490781,0.7681367580381178
83.176091476,1.7759928974759074,-1.4558864492542158,-0.1366873637517877,-0.6333494760632157,-0.016686392098847924,0.0576794284657846,0.7715329474630579
83.258843805,1.7821230676267548,-1.4671363637814032,-0.14635658693264797,-0.6318250440701527,-0.02414490173567052,0.05755569175433437,0.7725939941214944
83.350198689,1.7615171592997743,-1.454979386274797,-0.13698628618754535,-0.633935797281946,-0.021577256596942207,0.05202667894024781,0.7713319982995008
83.407752495,0.28781031214290254,-1.3880485772286302,0.1276475325037554,-0.6735569216008548,-0.12696455727578604,0.17914806898853278,0.7057669898323549
83.500728246,-0.2927326061493316,-1.3859423059123133,-0.12657536049184198,-0.621517243278431,-0.0112652318399733,0.018189609179484614,0.7831082613387935
83.572051132,-0.2009438387927074,-1.4067126511842631,-0.17288374214866814,-0.6142497096236923,-0.05557586511417567,0.03714463330974295,0.7862753294236726
83.656784843,-0.1591181744600957,-1.4161884152746032,-0.15727769172243686,-0.6204030662560025,-0.0703877974568945,0.045726734924373916,0.7797785961812964
83.748495741,-0.15635980313496978,-1.4233220146586951,-0.2713210119628509,-0.5980713845302806,-0.08696837831821003,0.037591027367158136,0.7958228664974484
83.811222294,-0.37102116068569163,-1.3955780533115079,-0.06171224541743216,-0.6615550905533262,-0.03767573543254721,-0.005322424624397698,0.7489306195627968
83.881593192,0.3512061961707289,-1.4094407936202444,0.0776557913722411,-0.665107478795253,-0.20978814491515185,0.18807639600430667,0.6915549473250212
83.963642698,-0.37446632619168,-1.4015667802431009,-0.10202905216732552,-0.6529969404133272,-0.05293568336733845,-0.0031996691795426707,0.7555015363018184
84.072607852,-0.3388234686084615,-1.4183616272939914,-0.08546500438264808,-0.6573313320492065,-0.06617347508812754,0.005804787908153379,0.7506682992763968
84.476745125,-0.39358514609001216,-1.5899666849779124,-0.03919382509810489,-0.6328344425109378,-0.09820241074187597,-0.03786169744043922,0.7671006105872181
84.553095168,-0.5846271673431809,-1.5218108912362405,-0.21777411708495198,-0.5896200049311418,-0.05159529699305432,-0.08805951251034129,0.8012064012285721
84.627830584,-0.31653605262935164,-1.6361566064581123,-0.1582510539259665,-0.5980445451499898,-0.11151474663690653,-0.025146340449513128,0.793268456993498
84.891988551,-0.5266183868138408,-1.6965015003794515,-0.025909911710850057,-0.6265788499842404,-0.07890883177400654,-0.03698874805720359,0.7744702534879239
85.007625064,-0.4311145855577115,-1.718679328028846,0.004088130063609634,-0.6249268885710987,-0.08513973868258873,-0.020446322811102643,0.7757574084218662
85.088172922,-0.2461670366611317,-1.7593212702940664,-0.17568055334100308,-0.5796624315822637,-0.11959645590579648,0.01021527260517622,0.8059676180545424
85.255776203,1.599400523350059,-1.6920687832791041,-0.391241046603658,-0.5602619256775334,-0.09762966136638085,-0.038897526819322834,0.8216215712022952
85.342334816,0.37461860031284416,-1.7016556926397688,0.09812502641670812,-0.6202120855140615,-0.2009061479743559,0.15105451093668196,0.7430721522262052
85.414924575,1.6545589068561701,-1.7703834883478038,-0.21100419999649275,-0.596161559067402,-0.08163700940064533,-0.005115255839804272,0.7986868149306939
85.508916795,1.6766909693300907,-1.7662400508896214,-0.2118437830008976,-0.5954420654012507,-0.06461838763761674,0.004629741850807819,0.8007819779566735
85.677618136,1.713073542828766,-1.7740519822405982,-0.21497648381901602,-0.5958892210265964,-0.060628030656746934,0.009660404999463829,0.8007165258306133
85.76052389,1.7042957563693182,-1.7541751255243812,-0.13265687741862686,-0.61045461850118,-0.04081601872323559,0.016947459431750685,0.7908172955777913
85.824245172,1.6995004120100163,-1.7384245148867858,-0.14786821153245688,-0.6067015191241703,-0.03630276965118795,0.01299286753924318,0.7939940560238377
85.917578957,1.727227692973449,-1.7562355091332131,-0.09299815316908411,-0.6190259891930304,-0.039910818534939274,0.01915098739653216,0.7841219235228662
86.021098961,1.790393195112479,-1.7719772502316762,-0.08800635081833125,-0.6179387253850632,-0.031310353136138724,0.03217553924009857,0.7849433916726624
86.088026553,1.7424682749326534,-1.7322340527942468,-0.08592488801147691,-0.6181318926078108,-0.011984473988915223,0.023578896984151658,0.7856292836582057
86.182600433,1.8814907498902027,-1.8060945487414501,-0.0852737759237193,-0.6178103943553968,-0.030721486172532564,0.0591713737967944,0.7834955363221796
86.286873594,1.849846757835874,-1.7684476923632901,-0.10625942959771506,-0.6145088710134943,-0.007585642624917233,0.05698584198783338,0.7868125058008577
86.354683841,1.842755656134206,-1.7305476727648768,-0.08250479313703207,-0.6163741711599272,0.015833260719910536,0.060007679312994326,0.7850039919677841
86.407028363,1.9047563215358443,-1.724142886361631,-0.03963261162379012,-0.6207780801024059,0.023456977843787197,0.07739666888621627,0.7798038863073999
86.495356176,1.9326038592327381,-1.7281694043096953,-0.030304487768406482,-0.6161560898140913,0.034996152590211715,0.09233522626352414,0.7814097185726296
86.564558461,1.9586481632985007,-1.7358882992594327,-0.05816267965911366,-0.6085197190202861,0.03416331909580095,0.10049306976520837,0.7864081396584065
86.653158308,1.9892233338278373,-1.7470989366147551,-0.05520629424962596,-0.607643151442381,0.035165957592728114,0.1116875900581953,0.785531054865911
86.730226305,2.064308694689574,-1.7485047452092497,-0.10370268801821828,-0.5904175936835051,0.053951009870213396,0.1439347742016195,0.7923251443558332
86.822818767,2.068507220827162,-1.7347770329313246,-0.027601330026120655,-0.6059083960576863,0.06437628727026246,0.146397534142004,0.7792935719106369
86.897955233,2.0854870937833563,-1.7415609906198624,-0.06260040834360134,-0.5960486853579212,0.06624602675115276,0.1544109511986385,0.785171756224529
87.056310469,2.228476393382755,-1.7430562336115796,-0.20537615232543327,-0.5423337054085551,0.08583176572176132,0.21029553129099013,0.8088775244064774
87.149258333,2.2033367663426886,-1.714780952395906,-0.2455331481765011,-0.5269688561515037,0.11240415671191595,0.2174285806675289,0.813875876598614
87.21444667,2.1897770188972223,-1.6997540839280683,-0.27364212135145405,-0.5172446754040639,0.12900437576914325,0.22357938991108986,0.8159828878141643
87.311044672,2.233184179626387,-1.7060167417853915,-0.1996874776517315,-0.5310296043692968,0.1485978183430876,0.24387682624146675,0.7977783785547538
87.574863943,2.2713804690364867,-1.6801646138793636,-0.26780928741265886,-0.48647801189523077,0.2096611923678917,0.2967784844738299,0.7945463230742145
87.740248273,2.226480839125922,-1.663431573807526,-0.09135304895598378,-0.5019256649117111,0.28397964732475234,0.3146124008077485,0.7539530648961048
87.832177836,2.6828207264506467,-1.6782835492155483,-0.08118653519566087,-0.5081162554205471,0.2700243329686135,0.46052961110636176,0.675882539999725
87.923318743,2.7301573672185313,-1.659712866013385,-0.22346664363337154,-0.4699821755925509,0.25956794736704425,0.49479026412212035,0.6833182493208521
87.990776218,2.6628925809882693,-1.661115550185978,-0.26248986917988193,-0.4243921290143186,0.30451055318562037,0.520429496995863,0.6755129772890481
88.078733962,2.776512043609808,-1.6330110433970306,-0.16133313136883562,-0.433174843392952,0.3414404211963784,0.5395651931279122,0.6361190110266864
88.237444916,2.080709495076278,-1.5144888087900508,-0.4463529084685729,-0.24429509280310713,0.4175795060851337,0.45381687176499586,0.7483298140736149
88.587617972,2.363300098558331,-1.6689331064446695,-0.23917748327199195,-0.23490023637281346,0.543051029862889,0.514315023787084,0.6208039257476893
89.61262966,2.791213308101584,-1.6395379835355233,0.04986770077432709,-0.32693227617778675,0.6002067798093126,0.5549913340461746,0.4741853302220489
89.755349749,2.728628064951678,-1.6515058431448328,-0.030721678406664378,-0.3545072800036611,0.5466845435944585,0.5453074611105034,0.5273522267674051
89.843004258,2.6977405905758913,-1.6572515855739982,0.0007648869093344474,-0.37545602427534874,0.5359672375981932,0.5221075097771259,0.5469695076428295
89.92425546,2.6933059059475495,-1.6448695973042349,-0.23252479248925348,-0.3649718470080702,0.4627643025897228,0.5391460735284117,0.6016363208276757
90.020571523,2.3512215014036086,-1.6302209614218282,0.0865438485462744,-0.3974444764104496,0.5270000644704055,0.4083858048382252,0.6304996864595946
90.088204736,2.7849873690764597,-1.6224153434585598,-0.21002683256266053,-0.4278839639618667,0.39544337366932025,0.5185897324031272,0.6257831421917333
90.150587592,2.714536042365129,-1.6197034476263539,-0.29045012551158267,-0.4088943600306314,0.38122790399001694,0.5094546880187666,0.6541609957879023
90.22071968,2.290380377293181,-1.619870390499726,0.13806094033398006,-0.4588760131805351,0.4676444745135804,0.3489146430529655,0.6700746390124587
90.349584505,2.2742030106088142,-1.6498877584193505,-0.15708969082915053,-0.3998145535432787,0.42303798052790786,0.3812837285629432,0.7181990727778742
90.433406119,2.2627548942140328,-1.6326065568720205,0.07812194166816083,-0.4544644004587436,0.4428480294750027,0.34428092636915386,0.6919670333507077
90.499806866,2.2219554342793133,-1.6380213641735415,-0.003814649311009541,-0.44275160322536594,0.41951211642816066,0.336385246492296,0.7175134618623198
90.551569249,2.2365412996354963,-1.639035313793891,0.05592029701418508,-0.46889659773987735,0.40502980622334606,0.32245311045885644,0.7156191922063401
90.620468576,2.2293824447347115,-1.648337568894047,0.0259468259677057,-0.46663536653680365,0.3926416972030228,0.32030508789537065,0.7249059131935205
90.696828324,2.214148641839545,-1.6508777560863457,-0.02809573622083178,-0.46655674782932466,0.3612422040043397,0.31034248242777424,0.7453297355543901
90.858093636,2.13738622017498,-1.6392121960666233,-0.16130651342264402,-0.4423577473803914,0.3240337871585752,0.29556741204305104,0.7822797664840824
90.916152659,2.120891410611992,-1.6505296703540562,-0.1208902275748583,-0.4628150730939958,0.29643629272227046,0.28009871477898873,0.7870657167309694
91.007272641,2.101131197860423,-1.644622211115704,-0.11828089163145687,-0.4643566124545545,0.2932642461511954,0.2729268370691183,0.7898607219038992
91.086623369,2.1476056865030557,-1.6663856941115107,-0.100255270958318,-0.4784787095155968,0.27488859735192583,0.27854574847065194,0.7860703846317483
91.152560568,1.9912661432213208,-1.6143662168928297,0.04306671415629848,-0.5056394154126289,0.29718241599326123,0.22265910638038172,0.7787389264390688
91.248390341,2.093698610042789,-1.656359313564631,-0.1916923697028597,-0.4654539079993011,0.24425744932409676,0.2655521338520219,0.808191203976202
91.3141943,2.083740953665735,-1.663603879926045,-0.17700723592813722,-0.4770110635643608,0.2292147136592,0.2587531534053318,0.8080642708857538
91.416971872,2.0851286529534643,-1.6779539932748564,-0.07057366358386236,-0.5065899092910008,0.22851475644961383,0.2507082640244677,0.7926493778709142
91.500934725,2.0550671443905357,-1.6752025323341102,-0.12132429260064187,-0.49934382721844356,0.21310403835958824,0.2453329966592113,0.8031526204924463
92.203817296,-0.11283129967675101,-1.6453790052761343,0.26181279609161623,-0.594702577319396,0.06219440379236074,0.2192023012117218,0.7709805781017226
92.277268749,-0.2042914807087902,-1.6543542966134681,0.06420776106331999,-0.5516891528553091,0.05059558026513533,0.1953335708403095,0.809273725004216
92.424575002,-0.3365076386568369,-1.6176883051521593,0.1632766240526817,-0.5819978359721092,0.053796023888793454,0.15525082505853974,0.7964180359937745
