Timestamp,Tag 0,Tag 1
0.002802721,#N/A,#N/A
0.005814329,#N/A,#N/A
0.00948941,#N/A,#N/A
0.060040676,#N/A,#N/A
0.155972594,#N/A,#N/A
0.254226388,#N/A,#N/A
0.343489488,#N/A,#N/A
0.432672737,#N/A,#N/A
0.510174328,#N/A,#N/A
0.596405006,#N/A,#N/A
0.688284942,#N/A,#N/A
0.780475262,#N/A,#N/A
0.877331761,#N/A,#N/A
0.977795211,#N/A,#N/A
1.059288971,#N/A,#N/A
1.149807332,#N/A,#N/A
1.24145379,#N/A,#N/A
1.323301267,#N/A,#N/A
1.4027187030000001,#N/A,#N/A
1.4957834380000001,#N/A,#N/A
1.57958463,#N/A,#N/A
1.663321601,#N/A,#N/A
1.754584453,#N/A,#N/A
1.854590021,#N/A,#N/A
1.944634389,#N/A,#N/A
2.037814234,#N/A,#N/A
2.120987379,#N/A,#N/A
2.2114166490000002,#N/A,#N/A
2.296091589,#N/A,#N/A
2.378429468,#N/A,#N/A
2.462990224,#N/A,#N/A
2.541664837,#N/A,#N/A
2.6360957579999997,#N/A,#N/A
2.715665989,#N/A,#N/A
2.802398661,#N/A,#N/A
2.889248536,#N/A,#N/A
2.979005519,#N/A,#N/A
3.073301534,#N/A,#N/A
3.172774499,#N/A,#N/A
3.270017715,#N/A,#N/A
3.354525028,#N/A,#N/A
3.446649425,#N/A,#N/A
3.555738113,#N/A,#N/A
3.630469223,#N/A,#N/A
3.713252449,#N/A,#N/A
3.7987478230000002,#N/A,#N/A
3.887923796,#N/A,#N/A
3.9655821270000002,#N/A,#N/A
4.04954804,#N/A,#N/A
4.138845179,#N/A,#N/A
4.236024545,#N/A,#N/A
4.321957876,#N/A,#N/A
4.413157118,#N/A,#N/A
4.505818508,#N/A,#N/A
4.599526958,#N/A,#N/A
4.695541785,#N/A,#N/A
4.777395578,#N/A,#N/A
4.870591609,#N/A,#N/A
4.958024865,#N/A,#N/A
5.041334343,#N/A,#N/A
5.130521669,#N/A,#N/A
5.213689945,#N/A,#N/A
5.304047254,#N/A,#N/A
5.391154793,#N/A,#N/A
5.472422372,#N/A,#N/A
5.558683459,#N/A,#N/A
5.638704204,#N/A,#N/A
5.723423515,#N/A,#N/A
5.804353118,#N/A,#N/A
5.892393644,#N/A,#N/A
5.989225701,#N/A,#N/A
6.08100627,#N/A,#N/A
6.172696599,#N/A,#N/A
6.270717381,#N/A,#N/A
6.360367293,#N/A,#N/A
6.45180794,#N/A,#N/A
6.548628905,#N/A,#N/A
6.648613401,#N/A,#N/A
6.738786659,#N/A,#N/A
6.82161594,#N/A,#N/A
6.923067158,#N/A,#N/A
7.009083193,#N/A,#N/A
7.108789675,#N/A,#N/A
7.214941052,#N/A,#N/A
7.32130376,#N/A,#N/A
7.407530718,#N/A,#N/A
7.49593524,#N/A,#N/A
7.58952986,#N/A,#N/A
7.675612839,#N/A,#N/A
7.781504998,#N/A,#N/A
7.86844815,#N/A,#N/A
7.964609625,#N/A,#N/A
8.059227156,#N/A,#N/A
8.155509777,#N/A,#N/A
8.238788534,#N/A,#N/A
8.333153884,#N/A,#N/A
8.420835472,#N/A,#N/A
8.516418935,#N/A,#N/A
8.613858948,#N/A,#N/A
8.709650409,#N/A,#N/A
8.816255689,#N/A,#N/A
8.925158123,#N/A,#N/A
9.034778066,#N/A,#N/A
9.130500713,#N/A,#N/A
9.226424079,#N/A,#N/A
9.312746352,#N/A,#N/A
9.421637416,#N/A,#N/A
9.523971382,#N/A,#N/A
9.625546563,#N/A,#N/A
9.725995166,#N/A,#N/A
9.831265908,#N/A,#N/A
9.95146221,7.868896689416914,#N/A
10.06610329,8.123573304495125,#N/A
10.195710411,8.208983397667026,#N/A
10.306527801,9.332682531678103,#N/A
10.409845847,11.285020989726434,#N/A
10.524536409,#N/A,#N/A
10.635215005,#N/A,#N/A
10.752270257,#N/A,#N/A
10.86756244,#N/A,#N/A
10.976762779,#N/A,#N/A
11.095485749,#N/A,#N/A
11.211396035,#N/A,#N/A
11.335125013,#N/A,#N/A
11.441406668,#N/A,#N/A
11.564863854,#N/A,#N/A
11.684920233,#N/A,#N/A
11.81822025,#N/A,#N/A
11.937265884,#N/A,#N/A
12.041444919,#N/A,#N/A
12.160946565,#N/A,#N/A
12.277412326,#N/A,#N/A
12.38966605,#N/A,#N/A
12.502935168,#N/A,#N/A
12.60108084,#N/A,#N/A
12.710956319,#N/A,#N/A
12.822237612,#N/A,#N/A
12.929243684,#N/A,#N/A
13.027560614,#N/A,#N/A
13.118299533,#N/A,#N/A
13.226703827,#N/A,#N/A
13.306988238,#N/A,#N/A
13.403486617,#N/A,9.490310563425936
13.50087167,#N/A,9.400258801689574
13.579763358,#N/A,10.849360059675234
13.66892591,#N/A,12.682871354546847
13.773012003,#N/A,13.034569430054603
13.864063493,#N/A,10.641418877283712
13.968061513,#N/A,10.926072275234446
14.071600484,#N/A,10.116549718026846
14.186301529,#N/A,10.426166705883048
14.30273418,#N/A,11.179797937553019
14.41678477,#N/A,10.065684923317889
14.533995318,#N/A,11.167982087055236
14.646029769,#N/A,11.135024808496468
14.756454223,#N/A,0.2754600166155967
14.845025098,#N/A,#N/A
14.945946845,#N/A,#N/A
15.039468783,#N/A,#N/A
15.130642438,#N/A,#N/A
15.221046122,#N/A,#N/A
15.302250854,#N/A,#N/A
15.388430483,#N/A,#N/A
15.476450143,#N/A,#N/A
15.566108818,#N/A,#N/A
15.649659649,#N/A,#N/A
15.742828926,#N/A,#N/A
15.830151966,#N/A,#N/A
15.914828875,#N/A,#N/A
16.007847265,#N/A,#N/A
16.096319216,#N/A,#N/A
16.188010142,#N/A,#N/A
16.283154244,#N/A,#N/A
16.395941908,#N/A,#N/A
16.496400995,#N/A,#N/A
16.589404312,#N/A,#N/A
16.677812689,#N/A,#N/A
16.768283688,#N/A,#N/A
16.849693548,#N/A,#N/A
16.938704066,#N/A,#N/A
17.015467358,#N/A,#N/A
17.089173283,#N/A,#N/A
17.191682973,#N/A,#N/A
17.280792305,#N/A,#N/A
17.370087985,#N/A,#N/A
17.449275116,#N/A,#N/A
17.528732446,#N/A,#N/A
17.612643124999998,#N/A,#N/A
17.699588004,#N/A,#N/A
17.780183079,#N/A,#N/A
17.881599969,#N/A,#N/A
17.964078371,#N/A,#N/A
18.066412638,#N/A,0.89575812915254
18.170397809,#N/A,1.3987593171264052
18.245977098,#N/A,1.9788633512197862
18.336596781,#N/A,3.015983673242488
18.415412323,#N/A,2.8046114564430127
18.506456426,#N/A,3.827656892121098
18.585721278,#N/A,4.49441593522161
18.672613529,#N/A,4.796204166484074
18.742692337,#N/A,6.62829420190468
18.82757441,#N/A,5.42958526555293
18.915259169,#N/A,4.2642175509020035
19.013233031,#N/A,4.111868980134432
19.105087864,#N/A,3.4761260314808453
19.194401786,#N/A,3.4234158278796656
19.27953432,#N/A,2.5324055303597675
19.367192486,#N/A,2.575915589042097
19.467606853,#N/A,2.901729364032832
19.567412303,#N/A,#N/A
19.666241191,#N/A,#N/A
19.765158338,#N/A,#N/A
19.847815293,#N/A,#N/A
19.937105235,#N/A,#N/A
20.033055772,#N/A,#N/A
20.137836508,#N/A,#N/A
20.235428542,#N/A,#N/A
20.335691282,#N/A,#N/A
20.432428698,#N/A,#N/A
20.53468156,#N/A,#N/A
20.632374483,#N/A,#N/A
20.724388925,#N/A,#N/A
20.833396735,#N/A,#N/A
20.915431902,#N/A,#N/A
21.001426647,#N/A,#N/A
21.091543393,#N/A,#N/A
21.185441977,#N/A,#N/A
21.284516437,#N/A,#N/A
21.382118842,#N/A,#N/A
21.465947357,#N/A,#N/A
21.550228032,#N/A,#N/A
21.645747854,#N/A,#N/A
21.7498566,#N/A,#N/A
21.844331917,1.5073934554652624,#N/A
21.941594772,0.7733569372423403,#N/A
22.039336306,0.29001337283713724,#N/A
22.140940047,1.212925717680946,#N/A
22.232394442,3.157784668760087,#N/A
22.308836462,4.25061113878067,#N/A
22.389738331,4.8451021934708365,#N/A
22.475326563,5.042060688715452,#N/A
22.563316708,4.922878910378614,#N/A
22.660962484,4.302621008555974,#N/A
22.773214473,6.248772906942918,#N/A
22.878670016,5.79418143401989,#N/A
23.004067867,5.047101036792725,#N/A
23.104364923,4.501940199548187,#N/A
23.210020278000002,4.651644389690603,#N/A
23.304864072,4.526962810540454,#N/A
23.409063706,4.480886261034755,#N/A
23.510079863,4.643052862804211,#N/A
23.612763202,#N/A,#N/A
23.727573158,#N/A,#N/A
23.83366123,#N/A,#N/A
23.943744711,#N/A,#N/A
24.039117647,#N/A,#N/A
24.143017933,#N/A,#N/A
24.242373187,#N/A,#N/A
24.337579014,#N/A,#N/A
24.431012532,#N/A,#N/A
24.538521455,#N/A,#N/A
24.633837986,#N/A,#N/A
24.734761645,#N/A,#N/A
24.819507038,#N/A,#N/A
24.912866538,#N/A,#N/A
24.998721564,#N/A,#N/A
25.082204937,#N/A,#N/A
25.174863928,#N/A,#N/A
25.270862634,#N/A,#N/A
25.368413301,#N/A,#N/A
25.479279569,#N/A,#N/A
25.578627694,#N/A,#N/A
25.676596356,#N/A,#N/A
25.774463316,#N/A,#N/A
25.860705374,#N/A,#N/A
25.9683595,#N/A,#N/A
26.065091512,#N/A,#N/A
26.156095896,#N/A,#N/A
26.25343727,#N/A,#N/A
26.339416184,#N/A,#N/A
26.420812881,#N/A,#N/A
26.509986622,#N/A,#N/A
26.613665857,3.6075104241799067,#N/A
26.691159290999998,4.0991689058525935,#N/A
26.774674053,4.468415627342495,#N/A
26.864952058,6.4666978920402585,#N/A
26.944797961,6.471630878473007,#N/A
27.03110363,7.434862389534345,#N/A
27.113816829,5.591291485205403,#N/A
27.196536286,4.189642834458368,#N/A
27.272253318,3.9906268987034252,#N/A
27.3637494,4.024722657680542,#N/A
27.448089317,3.8116013827845734,#N/A
27.538256213,5.098353705788213,#N/A
27.613540936,3.7492500771337234,#N/A
27.688066299,5.327093946827887,#N/A
27.774672057,4.476741972586183,#N/A
27.845963407,4.677410491627057,#N/A
27.945021259,4.801652462849518,#N/A
28.02102301,5.322867699110276,#N/A
28.107385457,5.195988973745699,#N/A
28.213589399,5.087584226871769,#N/A
28.304576803,5.623469714667976,#N/A
28.384723221,5.411654306881161,#N/A
28.467806192,5.2751200407700765,#N/A
28.548533621,5.294297490597216,#N/A
28.636255754,5.531821165153417,#N/A
28.732496014,5.735048516822019,#N/A
28.813638271,5.828123708832294,#N/A
28.900061735,6.258067030134612,#N/A
28.984429337999998,6.034977892358313,#N/A
29.080026181,6.021842733947381,#N/A
29.180847751,5.920516733401371,#N/A
29.282428459,9.289103178446823,#N/A
29.388821381,10.76941220694522,#N/A
29.488251988000002,12.213577347918118,#N/A
29.578500495,12.91647223054224,#N/A
29.679136753,12.312494953549418,#N/A
29.781417415,12.582743681832255,#N/A
29.883583653,12.356916411338034,#N/A
29.982748412,12.358255980179052,#N/A
30.080800019,12.26678829623205,#N/A
30.180951895,12.79929406756716,#N/A
30.26879647,11.68385773563125,#N/A
30.380295121,11.211819260833408,#N/A
30.451497048,10.979900960220533,#N/A
30.550651103,11.15083925336495,#N/A
30.649191519,11.478640657865782,#N/A
30.742836241,#N/A,#N/A
30.826510169,#N/A,#N/A
30.947982429,#N/A,5.876566864775498
31.050209907,#N/A,5.562465729458324
31.154547061,#N/A,5.553919154101209
31.253209197,#N/A,5.745531733231672
31.355495397,#N/A,5.545986255344303
31.451691936,#N/A,5.663692167810808
31.549693304,#N/A,5.706224354944368
31.650372229,#N/A,6.814263307856436
31.748307413,#N/A,6.884276591397338
31.849815123,#N/A,7.725747443380897
31.946657766,#N/A,8.651000449008109
32.047407116,#N/A,8.730489311716553
32.143337918,#N/A,9.048128053574175
32.244727797,#N/A,9.260710654395325
32.345179281,#N/A,9.037524808377583
32.444759276,#N/A,9.162004653178002
32.548818527,#N/A,8.907584939415102
32.661607181,#N/A,6.890434014369532
32.77229614,#N/A,7.4784148423670445
32.883257244,#N/A,5.075184502385525
32.989786074,#N/A,5.015534530496495
33.080063767,#N/A,5.719835122430169
33.182450632,#N/A,5.454946805694334
33.279688937,#N/A,6.345500476947137
33.384316199,#N/A,7.245895163362661
33.483231592,#N/A,14.490502197042872
33.592536256,#N/A,15.18605817586564
33.693038295,#N/A,14.68299370488785
33.787986853,#N/A,13.588147527120213
33.888264265,#N/A,#N/A
33.98641854,#N/A,#N/A
34.080375573,#N/A,#N/A
34.173970167,#N/A,#N/A
34.272036183,#N/A,#N/A
34.36855222,#N/A,#N/A
34.466418924,#N/A,#N/A
34.567449179,#N/A,#N/A
34.654306547,#N/A,#N/A
34.742839505,#N/A,#N/A
34.828689035,#N/A,#N/A
34.91411246,#N/A,#N/A
34.986727647,#N/A,#N/A
35.073591274,#N/A,#N/A
35.162464079,#N/A,#N/A
35.250017531,#N/A,#N/A
35.344450318,#N/A,#N/A
35.426195162,#N/A,#N/A
35.518519792,#N/A,#N/A
35.608727654,#N/A,#N/A
35.706767171,#N/A,#N/A
35.783869632,#N/A,#N/A
35.860774781,#N/A,#N/A
35.935772363,#N/A,#N/A
36.011531453,#N/A,#N/A
36.081842355,#N/A,#N/A
36.154556078,#N/A,#N/A
36.226723419,#N/A,#N/A
36.306199627,#N/A,#N/A
36.396349841,#N/A,#N/A
36.486555833,#N/A,#N/A
36.574571465,#N/A,#N/A
36.657753679,#N/A,#N/A
36.730135518,#N/A,#N/A
36.804535626,#N/A,#N/A
36.876940427,#N/A,#N/A
36.956213731,#N/A,#N/A
37.030189067,#N/A,#N/A
37.112440997,#N/A,#N/A
37.196451237,#N/A,#N/A
37.291486758,#N/A,#N/A
37.378362646,#N/A,#N/A
37.478186825,#N/A,#N/A
37.561200505,#N/A,#N/A
37.651922657,#N/A,#N/A
37.737465711,#N/A,#N/A
37.825381993,#N/A,#N/A
37.91324559,#N/A,#N/A
37.997686344,#N/A,#N/A
38.091404752,#N/A,#N/A
38.180096913,#N/A,#N/A
38.263514791,#N/A,#N/A
38.347950323,#N/A,#N/A
38.449482739,#N/A,#N/A
38.529998656,#N/A,#N/A
38.614259783,#N/A,#N/A
38.696927782,#N/A,#N/A
38.783978854,#N/A,#N/A
38.858022467,#N/A,#N/A
38.938962934,#N/A,#N/A
39.022015244,#N/A,#N/A
39.103750793,#N/A,#N/A
39.187003637,#N/A,#N/A
39.263038872,#N/A,#N/A
39.346770228,#N/A,#N/A
39.423555917,#N/A,#N/A
39.505013747,#N/A,#N/A
39.59469097,#N/A,#N/A
39.685989559,#N/A,#N/A
39.762952839,#N/A,#N/A
39.850177815,#N/A,#N/A
39.947342328,#N/A,3.739832787683355
40.041201698,#N/A,2.7471216029918537
40.123215188,#N/A,0.8508816143499587
40.221239171,#N/A,1.9244115712361918
40.295411283,#N/A,0.9813743132579305
40.389348819,#N/A,1.4110280275618834
40.4662011,#N/A,0.20557459981341708
40.556123856,#N/A,16.624232077977922
40.640574704,#N/A,13.828604959573994
40.728641707,#N/A,14.720574844955394
40.813256422,#N/A,12.47429113142806
40.901126854,#N/A,13.899907728547504
40.97994959,#N/A,13.8493781675827
41.055351483,#N/A,13.499871600065546
41.143307914,#N/A,12.265704661173856
41.226026673,#N/A,10.960093272784974
41.322287068,#N/A,10.775273205737307
41.41020248,#N/A,9.334879623371677
41.491419981,#N/A,7.548390589046932
41.57420574,#N/A,6.677568949324808
41.659289431,#N/A,6.4413432577045455
41.757263081,#N/A,5.9286282820496865
41.841782243,#N/A,5.678070753493216
41.925942502,#N/A,5.57912102144374
42.017495719,#N/A,4.0070463714872915
42.107472678,#N/A,#N/A
42.210334913,#N/A,#N/A
42.30586841,1.2905212607458054,#N/A
42.403015831,3.8323002661929877,#N/A
42.492389558,3.3707515354251996,#N/A
42.589780161,3.8726030384598573,#N/A
42.690386574,4.104583279825789,#N/A
42.78508312,3.1690734829221867,#N/A
42.865477466,3.7406044550717468,#N/A
42.956780964000004,2.8848296079319766,#N/A
43.060650389,2.4347260644790936,#N/A
43.165910092,4.083938820209454,#N/A
43.257844767,3.7428711865524633,#N/A
43.357454433,11.574907427366128,#N/A
43.44950657,12.756916214159986,#N/A
43.553139276,10.01902080482725,#N/A
43.658697975,10.911128767844502,#N/A
43.761281955,11.262414793801497,#N/A
43.851173509,7.8882331971275335,#N/A
43.932296605,8.250744535359445,#N/A
44.024926938,6.410284914084031,#N/A
44.094756202,5.87412792053297,#N/A
44.192534467,5.456813604853949,#N/A
44.265102435,5.392363876377942,#N/A
44.356335694,4.889415713906828,#N/A
44.431246724,4.664375993127123,#N/A
44.514311017,4.6449462804146435,#N/A
44.591531201,4.864810516597174,#N/A
44.668996235,5.4304147671061,#N/A
44.753393547,4.879317301606932,#N/A
44.833965836,4.2008983533613105,#N/A
44.92076658,3.7117350078830498,#N/A
44.991758625,2.7067364801905,#N/A
45.057787068,#N/A,#N/A
45.134728924,#N/A,#N/A
45.205100866,#N/A,#N/A
45.291989701,#N/A,#N/A
45.362413697,#N/A,#N/A
45.442518381,#N/A,#N/A
45.529692787,2.209313144506069,#N/A
45.601158178,4.410077713462101,#N/A
45.680033304,4.693041320165605,#N/A
45.758583694,5.034525845935519,#N/A
45.823651577,#N/A,#N/A
45.889070362,#N/A,#N/A
45.972555557,6.264247263137065,#N/A
46.057824155,7.493770078416873,#N/A
46.128375687,7.508439625914917,#N/A
46.202660633,7.827859824987428,#N/A
46.288476668,9.339980964221951,#N/A
46.354596611,8.463824633749056,#N/A
46.430192003,8.15957397570702,#N/A
46.496439314,8.133929780637146,#N/A
46.56865114,7.0274312388423255,#N/A
46.648643826,7.170336758770787,#N/A
46.731331329,6.798640896719064,#N/A
46.810287528,6.22841369711594,#N/A
46.877462735,7.258239496665709,#N/A
46.960808822,6.0340851745363295,#N/A
47.058264166,7.682482610443714,#N/A
47.163275634,8.142334876643275,#N/A
47.256635069,7.7618617820261875,#N/A
47.337360412,7.6486293135663175,#N/A
47.429433587,8.506797189625189,#N/A
47.519414346,6.893613842863715,#N/A
47.624108836,10.817405273785937,#N/A
47.72025018,8.785212660075217,#N/A
47.802506448,8.606776375093716,#N/A
47.896010382,8.826000561090865,#N/A
47.981693605,9.167719542060581,#N/A
48.069164674,9.600782430479029,#N/A
48.163134972,10.025841709386242,#N/A
48.244634269,10.982800598471073,#N/A
48.329393892,10.797858849898034,#N/A
48.413680448,17.228938400122644,#N/A
48.496538856,10.669632463209439,#N/A
48.570907209,10.980268738699351,#N/A
48.658432501,11.797624967690837,#N/A
48.734813605,10.412189867461336,#N/A
48.822299119,8.861165925645963,#N/A
48.887594055,10.00018218560379,#N/A
48.969695844,9.763892340750402,#N/A
49.060542036,9.00862674536532,#N/A
49.138242382,9.645322600989601,#N/A
49.229232461,9.860344963464712,#N/A
49.320554832,10.02867404429287,#N/A
49.404558448,8.72219455203745,#N/A
49.505117012,8.548285921341602,#N/A
49.598252655,9.255437475157748,5.068746915257236
49.698277116,9.852708633715025,4.95562717404016
49.784960622,8.81021055224872,5.378790246355891
49.865477487,8.420082911650212,5.440946308621619
49.964013079,9.02794469208908,5.0178763275906135
50.056776746,8.592988690894515,5.484224162236501
50.141211726,8.515055191619979,5.438691849031443
50.235017398,10.012127896289286,5.413433181469372
50.324613384,11.472279785328709,5.432491204486297
50.428783716,10.519030793144054,5.230370793404887
50.504609773,11.527760484621098,5.305932325822624
50.602087008,10.012006199617815,5.120633872145675
50.682306285,10.037680197836295,5.191595951825121
50.768102267,10.385136132753559,5.481189271446937
50.86242321,10.143317887360894,4.78587946588047
50.965302485,10.292086470817168,6.526363303807727
51.066533374,11.6768176844067,5.973842035863214
51.136548656,12.393238925439277,6.939219609180412
51.221731553,#N/A,9.140474306705244
51.303932471,#N/A,8.52695041313629
51.397606015,#N/A,9.03951224574962
51.480785994,#N/A,9.204420342127662
51.564114434,#N/A,9.161575930570308
51.653481702,#N/A,10.65944727324441
51.732163,#N/A,9.897764680182632
51.831358046,#N/A,10.386538458257945
51.911321216,#N/A,10.769398285069059
52.00848453,#N/A,10.992030357408169
52.098239515,#N/A,10.790050426039869
52.174618047,#N/A,10.632052335441216
52.261060038,#N/A,9.426853716036533
52.346079919,#N/A,12.086282453144605
52.436641709,#N/A,10.881732338792233
52.524556144,#N/A,11.28573960599482
52.61728135,#N/A,9.35886289848682
52.705695502,#N/A,12.031325018865402
52.79770768,#N/A,13.160585965832809
52.89844841,#N/A,11.700730303945875
52.985525116,#N/A,12.724756608933944
53.072271789,#N/A,12.819546312081854
53.161207619,#N/A,11.203182947422874
53.243931512,#N/A,12.153108762757455
53.334152677,#N/A,13.092407523227848
53.432986154,#N/A,12.364845014387498
53.523613092,#N/A,13.81068383920828
53.617387506,#N/A,12.633291135709214
53.710792833,#N/A,13.485386086674708
53.799568388,#N/A,12.607007872891188
53.874758991,#N/A,#N/A
53.963748191,#N/A,#N/A
54.039413677,#N/A,#N/A
54.1252709,#N/A,#N/A
54.20713449,#N/A,#N/A
54.288719805,#N/A,#N/A
54.372291928,#N/A,#N/A
54.448813662,#N/A,#N/A
54.531442446,#N/A,#N/A
54.611651095,#N/A,#N/A
54.70202037,#N/A,#N/A
54.794844038,#N/A,#N/A
54.875853806,#N/A,#N/A
54.961270702,#N/A,#N/A
55.036492787,#N/A,#N/A
55.117305835,#N/A,#N/A
55.192926304,#N/A,#N/A
55.268387756,#N/A,#N/A
55.340683361,#N/A,#N/A
55.423409106,#N/A,#N/A
55.499291609,#N/A,#N/A
55.573975997,#N/A,#N/A
55.652983348,#N/A,#N/A
55.734935899999996,#N/A,#N/A
55.828632779,#N/A,#N/A
55.908361361,#N/A,#N/A
55.976450373,#N/A,#N/A
56.059404838,#N/A,#N/A
56.139529359,#N/A,#N/A
56.224351189,#N/A,#N/A
56.301425379,#N/A,#N/A
56.395088852,#N/A,#N/A
56.466981499,#N/A,#N/A
56.560464808,#N/A,#N/A
56.636010037,#N/A,#N/A
56.717774278,#N/A,#N/A
56.805188629,#N/A,#N/A
56.896032009,#N/A,#N/A
56.978962031,#N/A,#N/A
57.054962051,#N/A,#N/A
57.137432356,#N/A,#N/A
57.227392174,#N/A,#N/A
57.320378415,#N/A,#N/A
57.408405888,#N/A,#N/A
57.50092432,#N/A,#N/A
57.588430597,#N/A,#N/A
57.669166443,#N/A,#N/A
57.755777565,#N/A,#N/A
57.842436834,#N/A,#N/A
57.94039814,#N/A,#N/A
58.021678794,#N/A,#N/A
58.110770661,#N/A,#N/A
58.199670308,#N/A,#N/A
58.286177338,#N/A,#N/A
58.376423653,#N/A,#N/A
58.460197737,#N/A,#N/A
58.533600755,#N/A,#N/A
58.619118095,#N/A,#N/A
58.705534201,#N/A,#N/A
58.788931939,#N/A,#N/A
58.878092176,#N/A,#N/A
58.96542601,#N/A,#N/A
59.039449649,#N/A,#N/A
59.115143266,#N/A,#N/A
59.196630826,#N/A,#N/A
59.274464285,#N/A,#N/A
59.357452899,#N/A,#N/A
59.454392663,#N/A,5.645627158245816
59.538596002,#N/A,11.271820640618586
59.622717157,#N/A,12.851137779117863
59.710346451,#N/A,14.14714793684314
59.809203894,#N/A,7.155634313257622
59.903469546,#N/A,23.47009257199528
59.985726614,#N/A,18.180514970397866
60.085745653,#N/A,13.841935693826258
60.17185067,#N/A,11.468216384578142
60.26955761,#N/A,18.327534971173122
60.370665116,#N/A,17.75581957075758
60.47183001,#N/A,16.227738677830786
60.564504201,#N/A,17.881820249837176
60.665872001,#N/A,13.737250683472638
60.769100535,#N/A,19.147971360797186
60.868596137,#N/A,18.73859898514604
60.943261286,#N/A,19.23311252623617
61.039952684,#N/A,19.368008313383655
61.123069149,#N/A,23.051074910749065
61.204017235,#N/A,19.604997999480446
61.303419782,#N/A,18.69597345191164
61.404940005,#N/A,19.676692361518576
61.482970926,#N/A,19.221757006797105
61.572640194,#N/A,18.597211010704285
61.660217582,#N/A,16.559530730260946
61.745684609,#N/A,17.880225408894745
61.838503151,#N/A,17.661547813342196
61.921301064,#N/A,18.337138917781118
62.041872446,8.628766529003428,12.876833353638546
62.140763852,8.487071956646503,7.498065956791976
62.232512778,3.2307081738919123,7.585267974050282
62.314377111,1.2854151554649889,6.913835983969136
62.40573982,3.312497445004851,2.989720603755984
62.496391279,1.7043253619337122,3.6915706379953974
62.594253107,0.8622816818215995,4.370657494044536
62.674481536,0.28229331140087766,3.1472494714427626
62.776816694,2.737863917261251,2.9720337998964226
62.873988864,0.6962623939873822,2.2894669736600974
62.971620232,8.819203506243127,1.8173811285042234
63.0593196,4.086064891509608,0.08626916922409578
63.141718649,4.203410318040255,1.0044346705030023
63.244282878,3.2751788404956983,1.030815600072799
63.329419539,4.615652591387118,1.1557327314763768
63.409118161,4.2902213822149236,1.3068715160807471
63.481820022,2.5545487603740185,1.752669242183174
63.581806026,0.7136744359699208,1.8097770639453188
63.668642573,4.935863177570013,1.5269196793539663
63.747594853,1.0539505155667825,1.7972254490651665
63.840416302,0.6683673823461049,2.455419273614467
63.92019209,0.8477786540011039,1.519539007364756
64.008820372,0.1969238234215709,1.3711020567710364
64.095315127,0.9658194424975193,1.6808766677623055
64.172202008,10.782296179717378,#N/A
64.275271157,0.7557428919393203,2.8727595999345112
64.34619169,2.128114265768801,#N/A
64.432789333,0.7107855083126822,#N/A
64.511842222,1.1723034313806409,#N/A
64.604380972,0.1885323098894105,#N/A
64.675619391,0.13657062708648482,#N/A
64.767755424,0.15512570875986853,#N/A
64.860094306,1.6921335556554595,#N/A
64.940604492,0.3605944605901641,#N/A
65.010687332,0.552853097725432,#N/A
65.085845181,0.7631773124592485,#N/A
65.175652448,0.32233460789350943,#N/A
65.249553183,0.9138342360470801,#N/A
65.323957967,0.39998811402065826,#N/A
65.408732245,0.9196633048723868,#N/A
65.491804508,#N/A,#N/A
65.57802812,1.2297293527038846,#N/A
65.672406976,10.470836520968504,#N/A
65.771319476,4.722572664224288,#N/A
65.877567417,2.7888420302197687,#N/A
65.968689168,2.80378649591637,#N/A
66.054837113,1.248624139946969,#N/A
66.141489441,2.6666021274645573,#N/A
66.218313712,1.8669354797240203,#N/A
66.312786048,2.8021627271239993,#N/A
66.406272879,0.3934523044029561,#N/A
66.487947624,0.05231575651271214,#N/A
66.574340289,0.09993568027081778,#N/A
66.653333143,1.4529581885366554,#N/A
66.742536012,2.6970722580489905,#N/A
66.816875186,3.055627384799493,#N/A
66.907826532,1.9418536775781376,#N/A
66.998662657,0.4751718901744937,#N/A
67.097723934,0.9074087855824757,#N/A
67.185555302,1.0783742207316038,#N/A
67.277153973,0.16321658067298017,#N/A
67.360318254,0.6423169383348011,#N/A
67.425118738,#N/A,#N/A
67.51496408,1.1726196171251217,#N/A
67.602391676,0.5197193735607186,#N/A
67.689401704,0.45083708318040294,#N/A
67.765516652,#N/A,#N/A
67.864837481,5.124400769795955,#N/A
67.933080069,#N/A,#N/A
68.025925094,7.270220448670898,#N/A
68.113314505,4.788499194315193,#N/A
68.181669592,#N/A,#N/A
68.252121262,#N/A,#N/A
68.320517755,#N/A,#N/A
68.393372616,#N/A,#N/A
68.475088528,#N/A,#N/A
68.545926656,#N/A,#N/A
68.61577339,#N/A,#N/A
68.688019666,#N/A,#N/A
68.768031527,#N/A,#N/A
68.843638611,#N/A,#N/A
68.93080997,#N/A,#N/A
69.030024153,10.539211396279768,#N/A
69.117745949,#N/A,#N/A
69.21417152,7.60930843815359,#N/A
69.290956126,7.755333019426672,#N/A
69.3835616,8.55702100267439,#N/A
69.463211427,9.175078850017627,#N/A
69.541028261,9.12904909884702,#N/A
69.612240107,11.121172281232163,#N/A
69.696530689,9.030170704074493,#N/A
69.778632911,7.4268587707988445,#N/A
69.842064896,10.67833875429406,#N/A
69.922073849,12.383110612368483,#N/A
70.015445553,11.183597942769893,#N/A
70.110978063,10.73642702202875,7.3795776401495345
70.196106282,12.654667425340932,7.70097439252541
70.281773976,12.95224725462549,7.958687702054675
70.375150995,11.884400078541574,7.64864218416011
70.449974534,12.65354486399005,7.744913756504701
70.547818514,12.425271171420377,8.100074144840619
70.620554803,12.98046355122733,8.209248917170157
70.712116661,13.819655496094924,8.188034471249438
70.783291452,13.042088861859412,8.434430910280696
70.876263051,12.664620875508263,7.913438441402604
70.952590941,10.561564103576615,7.881433058826985
71.050576548,13.8370281035304,7.96059351444967
71.142015834,13.140390650028763,7.361100732108611
71.220063646,10.744677605164725,7.571286922153433
71.314604465,4.873587867277536,7.737211873731127
71.415603255,7.588750987561184,6.6999341400905905
71.515220415,8.470987074461448,7.065687519086822
71.614151899,10.249724396831226,7.035945146091336
71.705635907,10.241611542930826,7.037470357654257
71.782831397,8.264568847105267,7.51559438288578
71.864730771,10.13407110152923,7.444969287469178
71.948533508,6.702163353108091,8.441742039822884
72.04345273,9.613222642179892,7.821078784590185
72.123029782,5.995271176973972,8.57880605035973
72.21555535,10.0132052529882,8.100166102893752
72.304696166,8.052871346870802,8.10469897794755
72.389234875,8.554032274163774,8.897484948167147
72.482580155,8.98246794280422,8.300359416285687
72.586043302,8.826240858319068,9.55142626495686
72.682137824,8.200866575597814,10.494270977058818
72.780631259,7.769148608037199,9.647891918586055
72.882211709,8.968501584347536,10.636467620128599
72.984914625,9.80671102472084,10.400829765594096
73.078169554,9.957957451531115,11.210476270668693
73.166617954,10.963627966936343,10.922944487415919
73.250912222,8.981299453653975,14.10848688295215
73.352104622,9.780092829611533,14.238952547182777
73.451222548,10.463081522404536,13.343080100350448
73.550766729,10.199984775877653,12.528795342685754
73.637633149,11.069320044499875,11.344835752100977
73.72254154,11.543993560860429,11.829432024080575
73.81861554299999,12.580444605657107,11.546739026185293
73.919849887,12.630904829994734,12.297731169902988
74.001320248,12.388710210203925,12.390382629924318
74.087394142,12.290693026674177,11.705158949144248
74.159597495,12.326599192334271,12.093865345561255
74.248863606,12.44402153268436,11.285635077394971
74.323117284,12.542279542418953,10.40635355074312
74.411140171,11.777518295877826,11.674310025345449
74.488353032,12.14691744121842,10.541321272268164
74.581758793,12.475823452240803,11.303555891760368
74.6646111,11.395009425372876,11.46020882749906
74.749734081,9.322461921232502,12.103298478418935
74.852590515,10.662716145015878,11.181161936420807
74.955945387,10.895409941859356,11.494209076314803
75.040243008,11.330656465196938,9.024321103366418
75.123013834,9.898312009704,9.934152937404349
75.211583269,10.347148835699556,11.823600403808825
75.299361604,10.071059165862096,11.409707820181012
75.386575187,10.543663050736768,9.797442213362075
75.491305726,11.121123169022411,7.072988846038498
75.58351017,#N/A,3.0513838359819374
75.65825925,#N/A,11.813462083082612
75.756956498,#N/A,4.420277319628184
75.859403993,#N/A,9.34525863299669
75.948780585,#N/A,10.170738145287203
76.048291767,#N/A,3.3018038835675725
76.149755442,#N/A,7.019672388891394
76.252727023,#N/A,6.856978148645226
76.348149037,#N/A,7.003059963712417
76.444239652,#N/A,7.620671134130589
76.53734527,#N/A,10.881964971666065
76.621831815,#N/A,6.95205848773
76.713558932,#N/A,8.208209701942849
76.805830024,#N/A,8.465058290360417
76.904149518,#N/A,6.854134762531146
77.000592333,#N/A,9.089229783361418
77.085294764,#N/A,13.764549815064811
77.18019097,#N/A,16.605683803081973
77.289563542,#N/A,13.224275693917946
77.381788116,#N/A,13.556341668772859
77.45951636,#N/A,13.241397282401891
77.554429899,#N/A,19.254503928777496
77.647179207,#N/A,15.308027513118645
77.748334202,#N/A,18.351238827265888
77.816446665,#N/A,15.558150479329413
77.895769519,#N/A,18.342222322817946
77.967042125,#N/A,#N/A
78.052729896,#N/A,11.81382182232602
78.124552829,#N/A,10.843643274589567
78.189222226,#N/A,#N/A
78.260255762,#N/A,#N/A
78.344384849,#N/A,12.568712829524628
78.419398499,#N/A,10.318374550071809
78.508627798,#N/A,7.921090611209479
78.584106721,#N/A,5.320697436697941
78.66324654,#N/A,6.984003654137297
78.736059479,#N/A,5.6395263146388
78.804817693,#N/A,#N/A
78.886597848,#N/A,8.946113576369243
78.961837552,#N/A,6.792915199939898
79.047111032,#N/A,9.85058986830407
79.121431895,#N/A,12.965824689870459
79.204077725,#N/A,9.009896046911507
79.279235577,#N/A,9.23965153143476
79.387028004,#N/A,6.654562699813113
79.474857284,#N/A,#N/A
79.569378052,#N/A,10.002342850357564
79.656275326,#N/A,8.971215084456333
79.749521424,#N/A,9.795048581514607
79.850526866,#N/A,18.41496635176955
79.940724301,#N/A,9.653450312278324
80.039616881,#N/A,19.128865630354397
80.116365491,#N/A,18.55443416166196
80.205937582,#N/A,19.5542891569942
80.301238914,#N/A,7.418978495924193
80.391645586,#N/A,6.703918550524634
80.485153737,#N/A,16.20780298519668
80.556299198,#N/A,17.52086125127073
80.629838647,#N/A,#N/A
80.706763403,#N/A,#N/A
80.793685011,#N/A,13.889223442207424
80.888701531,5.514567693951733,14.988694105801471
80.962352997,11.75179249055725,15.629660992183943
81.051231097,11.214109604382656,16.473474898269842
81.139207839,9.6772217721429,14.902953449755586
81.224975665,10.90572531396245,14.828574776813184
81.318961106,11.453694403467125,14.128371723139509
81.392236577,11.194969728058624,15.869210235632437
81.479621234,10.63984011714328,15.975666333722017
81.555050788,9.73730291358217,#N/A
81.643433728,9.320206244861566,15.436971407664487
81.721592413,8.218733340807745,15.115730060361585
81.806579879,8.89991631097186,12.717170827223384
81.895872197,8.667927478473615,11.80053448064399
81.987935182,6.450415502031603,10.922297340235502
82.058206563,7.293884826301451,11.589252257919014
82.14109739,7.056786887127743,10.897539989418846
82.225796971,6.882006125635115,14.535333358919587
82.297511184,5.413048934390474,10.235190995051596
82.389873573,5.05675907223349,11.7088291975667
82.461538602,6.030743559251164,9.917215852926518
82.558083159,5.161991204204952,10.116632649048285
82.599135475,#N/A,#N/A
82.67715057,#N/A,#N/A
82.747442617,#N/A,#N/A
82.830463369,1.6984233196451441,12.858957380565698
82.918731904,13.638377801700216,10.90350193479415
82.986038823,2.833505040769097,10.505032724171826
83.060775219,12.939407398183022,10.109302353685933
83.152638726,12.819793674506826,10.662644288488082
83.225083967,13.775353167441097,10.8684603556772
83.295592308,2.2547794221881077,10.59804138961809
83.373588995,2.610158198203436,#N/A
83.461709773,13.12213243262184,#N/A
83.54726164,13.973577873452399,#N/A
83.624509523,12.94144765443761,#N/A
83.706674582,16.076182033021837,#N/A
83.780750876,7.084417335667894,#N/A
83.855575939,2.143122802427257,#N/A
83.923338204,8.31308020614182,#N/A
84.011653794,7.56845286501121,#N/A
84.083904927,#N/A,#N/A
84.15062691,#N/A,#N/A
84.224948146,#N/A,#N/A
84.303709472,#N/A,#N/A
84.371737882,#N/A,#N/A
84.448056443,10.895792533678872,#N/A
84.520964753,17.209136282333333,#N/A
84.592948445,15.869371030812545,#N/A
84.670248902,#N/A,#N/A
84.750425839,#N/A,#N/A
84.830800107,12.00536375130153,#N/A
84.900245295,#N/A,#N/A
84.974757788,12.24485532414596,#N/A
85.056576075,18.416338466496484,#N/A
85.115663157,#N/A,#N/A
85.199336216,#N/A,20.744085004512016
85.290588361,9.967728191982303,#N/A
85.380867944,9.3134496554664,15.904002763641813
85.468450044,12.66149346819347,16.140087233347884
85.522831503,#N/A,#N/A
85.613626469,19.79557183325349,16.09811863553685
85.700006641,10.275257304707623,14.106082892536051
85.79270099,12.273282545124175,14.677127002433764
85.86404995,17.339222769979585,12.8592864391955
85.962390855,18.610336806381895,13.014217177248042
86.041794525,13.637969391434666,13.070846083381753
86.127938515,18.582509367016,12.894317348469315
86.218630538,15.102458272505743,13.450235539112555
86.302926237,13.36845824343942,13.164244691203692
86.3695245,16.389291478530396,12.37791489208206
86.463194262,16.028566137180178,12.886866443154588
86.529328845,12.718784451801668,13.914068250197545
86.629042437,16.922182726027046,13.909816695281876
86.694959857,14.77698375458749,15.872770416205128
86.785609066,17.850164919774897,13.547179203521608
86.863720901,16.84337783117789,14.830930514503137
86.931657332,#N/A,#N/A
87.022871441,17.299553040486813,21.17927819716948
87.096510798,18.394063468940374,22.877949530747628
87.189175055,18.57000873026726,23.867569049716252
87.265979389,#N/A,21.228961460217562
87.356998278,#N/A,#N/A
87.440294231,#N/A,#N/A
87.543657627,#N/A,24.6768985924071
87.610193632,#N/A,#N/A
87.697990841,#N/A,20.097072654761774
87.789224655,#N/A,13.141597430972809
87.873600075,#N/A,16.85352528952677
87.965113663,#N/A,19.991495064165633
88.048810277,#N/A,16.06485242006184
88.110066518,#N/A,#N/A
88.195583442,#N/A,41.42340962943092
88.261493918,#N/A,#N/A
88.330444521,#N/A,#N/A
88.399142794,#N/A,#N/A
88.462835576,#N/A,#N/A
88.550666156,#N/A,31.449900370101602
88.613238768,#N/A,#N/A
88.681569787,#N/A,#N/A
88.748511046,#N/A,#N/A
88.817457483,#N/A,#N/A
88.88113871,#N/A,#N/A
88.949773336,#N/A,#N/A
89.018209335,#N/A,#N/A
89.080430859,#N/A,#N/A
89.142525755,#N/A,#N/A
89.206815456,#N/A,#N/A
89.26842021,#N/A,#N/A
89.341224486,#N/A,#N/A
89.408472852,#N/A,#N/A
89.483986851,#N/A,#N/A
89.558866026,#N/A,11.77731751834807
89.630476521,#N/A,#N/A
89.719696509,#N/A,13.804448572736845
89.797846011,#N/A,13.685385222058073
89.8893311,#N/A,18.946424394091565
89.969172599,#N/A,18.734038155401322
90.057128011,#N/A,15.703341582890431
90.128682803,#N/A,19.57922603063335
90.198044364,#N/A,16.894960821981584
90.277608681,#N/A,25.692768724058652
90.362927165,#N/A,19.03242212115333
90.455308815,#N/A,22.08422517709255
90.518724047,#N/A,19.7623424546683
90.587749316,#N/A,20.703160750958602
90.662343643,#N/A,22.370995244969095
90.720554608,#N/A,#N/A
90.800743992,#N/A,27.423408974888417
90.89331953,#N/A,26.098229603673758
90.966754871,#N/A,26.202370938930926
91.05302838,#N/A,24.695646021989177
91.1241394,#N/A,21.87726856729722
91.202281051,#N/A,27.602051856438152
91.286033907,#N/A,26.61737500498927
91.368161691,#N/A,22.88312476967468
91.450730914,#N/A,24.343690407428795
91.523685892,#N/A,#N/A
91.593064361,#N/A,#N/A
91.665309219,#N/A,#N/A
91.743241077,#N/A,#N/A
91.822792302,#N/A,#N/A
91.890519552,#N/A,#N/A
91.956239679,#N/A,#N/A
92.020127053,#N/A,#N/A
92.088684884,#N/A,#N/A
92.168205499,14.320784581783272,#N/A
92.243846998,20.98884368801785,#N/A
92.292725789,#N/A,#N/A
92.365307531,17.441404741688018,#N/A
92.427162912,#N/A,#N/A
92.491663741,#N/A,#N/A
92.546322976,#N/A,#N/A
92.61263417,#N/A,#N/A
92.675776701,#N/A,#N/A
92.75465127,#N/A,#N/A
92.825142206,#N/A,#N/A
92.890133343,#N/A,#N/A
92.960643224,#N/A,#N/A
93.038079014,#N/A,#N/A
93.122296235,#N/A,#N/A
93.134645704,#N/A,#N/A
93.153329758,#N/A,#N/A
93.166029408,#N/A,#N/A
93.184802404,#N/A,#N/A
93.202046588,#N/A,#N/A
93.216569214,#N/A,#N/A
93.231505057,#N/A,#N/A
93.250235647,#N/A,#N/A
93.267676532,#N/A,#N/A
93.286750525,#N/A,#N/A
93.304954733,#N/A,#N/A
93.319555339,#N/A,#N/A
93.334526274,#N/A,#N/A
93.357981822,#N/A,#N/A
93.377339681,#N/A,#N/A
93.401495386,#N/A,#N/A
93.433651209,#N/A,#N/A
93.468687124,#N/A,#N/A
93.500458693,#N/A,#N/A
93.534769989,#N/A,#N/A
93.567273604,#N/A,#N/A
93.60263707,#N/A,#N/A
93.633425207,#N/A,#N/A
93.668784637,#N/A,#N/A
93.701058459,#N/A,#N/A
93.735792341,#N/A,#N/A
93.767059472,#N/A,#N/A
93.802473605,#N/A,#N/A
93.833419351,#N/A,#N/A
93.869054518,#N/A,#N/A
93.900930049,#N/A,#N/A
93.935436064,#N/A,#N/A
93.966653936,#N/A,#N/A
94.002444545,#N/A,#N/A
94.035250064,#N/A,#N/A
94.068705981,#N/A,#N/A
94.100548179,#N/A,#N/A
94.137459737,#N/A,#N/A
94.168665183,#N/A,#N/A
94.202679242,#N/A,#N/A
94.234663845,#N/A,#N/A
94.269578447,#N/A,#N/A
94.301718641,#N/A,#N/A
94.336132398,#N/A,#N/A
94.368430515,#N/A,#N/A
94.402963993,#N/A,#N/A
94.437076531,#N/A,#N/A
94.469144596,#N/A,#N/A
94.501441196,#N/A,#N/A
94.535811435,#N/A,#N/A
94.569124965,#N/A,#N/A
94.603437723,#N/A,#N/A
94.635189663,#N/A,#N/A
94.669060372,#N/A,#N/A
94.701950593,#N/A,#N/A
94.736387998,#N/A,#N/A
94.769059129,#N/A,#N/A
94.801850388,#N/A,#N/A
94.836965303,#N/A,#N/A
94.870178094,#N/A,#N/A
94.902601784,#N/A,#N/A
94.935799853,#N/A,#N/A
94.969588118,#N/A,#N/A
